install_date,country_code,media_source,spend_usd,subscribers,erevenue_12month_usd
2020-12-28,AD,ms_1,"0,070004",0,0
2020-12-28,AE,ms_1,"33,681845",1,"27,993"
2020-12-28,AE,ms_2,"10,449999",1,"6,747059784"
2020-12-28,AF,ms_1,"1,4601",0,0
2020-12-28,AG,ms_1,"0,19001",0,0
2020-12-28,AL,ms_1,"1,130062",0,0
2020-12-28,AM,ms_1,"0,340019",0,0
2020-12-28,AO,ms_1,"0,610043",0,0
2020-12-28,AR,ms_1,"3,430188",0,0
2020-12-28,AS,ms_1,"0,230013",0,0
2020-12-28,AT,ms_1,"22,461356",0,0
2020-12-28,AT,ms_2,"0,21612",0,0
2020-12-28,AU,ms_1,"295,757101",19,"328,7413116"
2020-12-28,AU,ms_2,"17,328869",2,0
2020-12-28,AU,ms_3,0,2,"21,36046548"
2020-12-28,AW,ms_1,"0,520028",0,0
2020-12-28,AZ,ms_1,"0,620034",0,0
2020-12-28,BA,ms_1,"0,520035",0,0
2020-12-28,BB,ms_1,"0,74005",0,0
2020-12-28,BD,ms_1,"1,440079",0,0
2020-12-28,BE,ms_1,"68,654009",3,"54,54219504"
2020-12-28,BF,ms_1,"0,060003",0,0
2020-12-28,BG,ms_1,"7,270447",0,0
2020-12-28,BH,ms_1,"3,760266",1,0
2020-12-28,BI,ms_1,"0,060003",0,0
2020-12-28,BJ,ms_1,"0,110006",0,0
2020-12-28,BM,ms_1,"1,450091",1,"27,993"
2020-12-28,BN,ms_1,"1,110077",0,0
2020-12-28,BO,ms_1,"0,560031",0,0
2020-12-28,BR,ms_1,"34,741903",3,"29,33844131"
2020-12-28,BS,ms_1,"2,480136",1,"24,7938"
2020-12-28,BT,ms_1,"0,280017",0,0
2020-12-28,BW,ms_1,"1,11007",0,0
2020-12-28,BZ,ms_1,"0,380021",0,0
2020-12-28,CA,ms_1,"256,835152",9,"101,9332855"
2020-12-28,CA,ms_2,"26,033133",3,"108,2145759"
2020-12-28,CA,ms_3,0,1,0
2020-12-28,CD,ms_1,"0,250014",0,0
2020-12-28,CF,ms_1,"0,010001",0,0
2020-12-28,CG,ms_1,"0,100005",0,0
2020-12-28,CH,ms_1,"44,67274",2,"31,46105358"
2020-12-28,CI,ms_1,"0,370025",0,0
2020-12-28,CK,ms_1,"0,020001",0,0
2020-12-28,CL,ms_1,"6,250453",1,"62,17724451"
2020-12-28,CM,ms_1,"0,330018",0,0
2020-12-28,CN,ms_1,"3,800208",0,0
2020-12-28,CO,ms_1,"6,230393",2,0
2020-12-28,CO,ms_2,"0,098388",0,0
2020-12-28,CR,ms_1,"2,530179",0,0
2020-12-28,CR,ms_2,"0,053513",0,0
2020-12-28,CV,ms_1,"0,060003",0,0
2020-12-28,CW,ms_1,"0,490033",0,0
2020-12-28,CY,ms_1,"4,300236",0,0
2020-12-28,CZ,ms_1,"33,081975",2,0
2020-12-28,DE,ms_1,"114,177091",5,"50,56553003"
2020-12-28,DE,ms_2,"3,900858",1,0
2020-12-28,DJ,ms_1,"0,090005",0,0
2020-12-28,DK,ms_1,"58,823404",4,"42,99168176"
2020-12-28,DM,ms_1,"0,010001",0,0
2020-12-28,DO,ms_1,"1,570086",1,0
2020-12-28,DO,ms_2,"0,479953",1,"6,993"
2020-12-28,DZ,ms_1,"0,270015",0,0
2020-12-28,EC,ms_1,"1,830113",1,0
2020-12-28,EE,ms_1,"7,66046",2,"27,993"
2020-12-28,EG,ms_1,"7,280399",1,0
2020-12-28,EG,ms_2,"0,177644",0,0
2020-12-28,ES,ms_1,"17,550962",0,0
2020-12-28,ET,ms_1,"0,390021",0,0
2020-12-28,FI,ms_1,"15,020909",0,0
2020-12-28,FJ,ms_1,"0,450032",0,0
2020-12-28,FK,ms_1,"0,090005",0,0
2020-12-28,FM,ms_1,"0,030002",0,0
2020-12-28,FO,ms_1,"0,550034",0,0
2020-12-28,FR,ms_1,"20,581128",0,0
2020-12-28,FR,ms_2,"210,219631",17,"99,64389673"
2020-12-28,GA,ms_1,"0,18001",0,0
2020-12-28,GB,ms_1,"1330,76593",94,"1851,68628"
2020-12-28,GB,ms_2,"281,476506",74,"486,9744432"
2020-12-28,GD,ms_1,"0,150008",0,0
2020-12-28,GE,ms_1,"1,140062",0,0
2020-12-28,GF,ms_1,"0,050003",0,0
2020-12-28,GG,ms_1,"1,310072",0,0
2020-12-28,GH,ms_1,"2,930161",1,0
2020-12-28,GI,ms_1,"0,940052",0,0
2020-12-28,GL,ms_1,"0,460032",0,0
2020-12-28,GM,ms_1,"0,260014",0,0
2020-12-28,GN,ms_1,"0,130007",0,0
2020-12-28,GP,ms_1,"0,070005",0,0
2020-12-28,GQ,ms_1,"0,200011",0,0
2020-12-28,GR,ms_1,"31,691736",6,"87,17269393"
2020-12-28,GT,ms_1,"1,330086",0,0
2020-12-28,GU,ms_1,"2,150118",0,0
2020-12-28,GW,ms_1,"0,010001",0,0
2020-12-28,GY,ms_1,"0,310022",0,0
2020-12-28,HK,ms_1,"51,182804",2,"21,03476604"
2020-12-28,HN,ms_1,"0,690038",0,0
2020-12-28,HR,ms_1,"5,450299",0,0
2020-12-28,HT,ms_1,"0,210012",0,0
2020-12-28,HU,ms_1,"18,61102",2,0
2020-12-28,ID,ms_1,"18,43101",1,0
2020-12-28,IE,ms_1,"36,162138",3,"30,64456204"
2020-12-28,IE,ms_2,"7,850184",0,0
2020-12-28,IL,ms_1,"13,590745",1,"30,42334206"
2020-12-28,IM,ms_1,"2,210138",1,0
2020-12-28,IN,ms_1,"175,669625",26,"248,1524743"
2020-12-28,IQ,ms_1,"2,00011",0,0
2020-12-28,IS,ms_1,"7,000434",0,0
2020-12-28,IT,ms_1,"30,071885",2,"42,1319189"
2020-12-28,JE,ms_1,"3,580196",0,0
2020-12-28,JM,ms_1,"2,200121",0,0
2020-12-28,JO,ms_1,"3,630252",0,0
2020-12-28,JP,ms_1,"24,921365",2,"117,4333974"
2020-12-28,KE,ms_1,"3,680219",0,0
2020-12-28,KE,ms_2,"0,477624",0,0
2020-12-28,KG,ms_1,"0,150008",0,0
2020-12-28,KH,ms_1,"3,030166",0,0
2020-12-28,KN,ms_1,"0,110006",0,0
2020-12-28,KR,ms_1,"6,230341",0,0
2020-12-28,KW,ms_1,"7,470409",0,0
2020-12-28,KY,ms_1,"1,80011",0,0
2020-12-28,KZ,ms_1,"1,620089",1,0
2020-12-28,LA,ms_1,"0,260018",0,0
2020-12-28,LB,ms_1,"3,950216",0,0
2020-12-28,LB,ms_2,"0,176324",0,0
2020-12-28,LC,ms_1,"0,290016",0,0
2020-12-28,LI,ms_1,"0,360025",0,0
2020-12-28,LK,ms_1,"5,720313",0,0
2020-12-28,LR,ms_1,"0,170009",0,0
2020-12-28,LS,ms_1,"0,120007",0,0
2020-12-28,LT,ms_1,"7,340444",1,0
2020-12-28,LU,ms_1,"5,600353",0,0
2020-12-28,LV,ms_1,"6,180339",0,0
2020-12-28,LY,ms_1,"0,390031",0,0
2020-12-28,MA,ms_1,"1,09006",0,0
2020-12-28,MA,ms_2,"0,054438",0,0
2020-12-28,MC,ms_1,"0,250017",0,0
2020-12-28,MD,ms_1,"0,320018",0,0
2020-12-28,ME,ms_1,"0,320018",0,0
2020-12-28,MF,ms_1,"0,040002",0,0
2020-12-28,MG,ms_1,"0,130008",0,0
2020-12-28,MH,ms_1,"0,120007",0,0
2020-12-28,MK,ms_1,"0,980065",0,0
2020-12-28,ML,ms_1,"0,190016",0,0
2020-12-28,MM,ms_1,"5,410344",0,0
2020-12-28,MN,ms_1,"1,960138",0,0
2020-12-28,MO,ms_1,"0,990072",0,0
2020-12-28,MP,ms_1,"0,200012",0,0
2020-12-28,MQ,ms_1,"0,110006",0,0
2020-12-28,MR,ms_1,"0,110006",0,0
2020-12-28,MS,ms_1,"0,030002",0,0
2020-12-28,MT,ms_1,"5,900323",0,0
2020-12-28,MU,ms_1,"0,670042",0,0
2020-12-28,MV,ms_1,"1,060072",0,0
2020-12-28,MW,ms_1,"0,320019",0,0
2020-12-28,MX,ms_1,"49,803157",1,"35,2364511"
2020-12-28,MX,ms_2,"4,569754",0,0
2020-12-28,MY,ms_1,"124,236807",14,"55,4052449"
2020-12-28,MZ,ms_1,"0,730056",0,0
2020-12-28,NA,ms_1,"1,760112",0,0
2020-12-28,NC,ms_1,"0,270019",0,0
2020-12-28,NE,ms_1,"0,040002",0,0
2020-12-28,NF,ms_1,"0,010001",0,0
2020-12-28,NG,ms_1,"5,4703",0,0
2020-12-28,NG,ms_2,"3,904591",1,0
2020-12-28,NI,ms_1,"0,28002",0,0
2020-12-28,NL,ms_1,"61,523371",3,"42,87107537"
2020-12-28,NL,ms_2,"2,421241",1,"28,34679736"
2020-12-28,NO,ms_1,"79,944672",4,"29,51235239"
2020-12-28,NO,ms_2,0,2,0
2020-12-28,NP,ms_1,"1,370075",0,0
2020-12-28,NR,ms_1,"0,060003",0,0
2020-12-28,NU,ms_1,"0,020001",0,0
2020-12-28,NZ,ms_1,"61,183352",4,"63,60307855"
2020-12-28,NZ,ms_2,"8,078075",1,"14,52165006"
2020-12-28,OM,ms_1,"4,100225",0,0
2020-12-28,PA,ms_1,"2,320127",0,0
2020-12-28,PE,ms_1,"2,470135",1,0
2020-12-28,PF,ms_1,"0,54003",0,0
2020-12-28,PG,ms_1,"0,290016",0,0
2020-12-28,PH,ms_1,"57,923174",3,"11,35275072"
2020-12-28,PK,ms_1,"15,620856",0,0
2020-12-28,PL,ms_1,"25,621642",5,"93,77597395"
2020-12-28,PM,ms_1,"0,030002",0,0
2020-12-28,PR,ms_1,"15,520996",0,0
2020-12-28,PR,ms_2,"1,768784",1,0
2020-12-28,PS,ms_1,"0,840055",0,0
2020-12-28,PT,ms_1,"6,390406",1,0
2020-12-28,PW,ms_1,"0,130008",0,0
2020-12-28,PY,ms_1,"0,530035",0,0
2020-12-28,QA,ms_1,"9,300643",0,0
2020-12-28,QA,ms_2,"0,052927",0,0
2020-12-28,RE,ms_1,"0,260018",0,0
2020-12-28,RO,ms_1,"22,191216",0,0
2020-12-28,RS,ms_1,"1,560094",0,0
2020-12-28,RS,ms_2,"0,276316",0,0
2020-12-28,RU,ms_1,"3,220378",1,0
2020-12-28,RW,ms_1,"0,280017",0,0
2020-12-28,SA,ms_1,"22,171518",3,"19,50706993"
2020-12-28,SA,ms_2,"14,432137",0,0
2020-12-28,SB,ms_1,"0,020001",0,0
2020-12-28,SC,ms_1,"0,220012",0,0
2020-12-28,SE,ms_1,"75,634562",6,"24,93104535"
2020-12-28,SG,ms_1,"40,602225",2,"126,7706694"
2020-12-28,SI,ms_1,"6,190339",0,0
2020-12-28,SJ,ms_1,"0,010001",0,0
2020-12-28,SK,ms_1,"7,140425",1,"61,9845"
2020-12-28,SL,ms_1,"0,260019",0,0
2020-12-28,SM,ms_1,"0,010001",0,0
2020-12-28,SN,ms_1,"0,230013",0,0
2020-12-28,SO,ms_1,"0,410031",0,0
2020-12-28,SR,ms_1,"0,260014",0,0
2020-12-28,SS,ms_1,"0,060003",0,0
2020-12-28,SV,ms_1,"0,72005",0,0
2020-12-28,SX,ms_1,"0,170009",0,0
2020-12-28,SZ,ms_1,"0,170013",0,0
2020-12-28,TC,ms_1,"0,240013",0,0
2020-12-28,TD,ms_1,"0,060003",0,0
2020-12-28,TG,ms_1,"0,040002",0,0
2020-12-28,TH,ms_1,"76,11417",7,"122,1813102"
2020-12-28,TH,ms_2,"0,581939",0,0
2020-12-28,TJ,ms_1,"0,070004",0,0
2020-12-28,TL,ms_1,"0,100005",0,0
2020-12-28,TM,ms_1,"0,020001",0,0
2020-12-28,TN,ms_1,"0,340019",0,0
2020-12-28,TO,ms_1,"0,050003",0,0
2020-12-28,TR,ms_1,"9,010494",1,0
2020-12-28,TR,ms_2,"0,186971",0,0
2020-12-28,TT,ms_1,"3,280215",0,0
2020-12-28,TV,ms_1,"0,010001",0,0
2020-12-28,TW,ms_1,"6,710368",0,0
2020-12-28,TZ,ms_1,"1,260084",0,0
2020-12-28,UG,ms_1,"1,110071",0,0
2020-12-28,US,ms_1,"3461,32",162,"3272,649"
2020-12-28,US,ms_2,"72,011472",12,"79,905"
2020-12-28,US,ms_3,0,63,"459,687"
2020-12-28,UY,ms_1,"0,55004",0,0
2020-12-28,UZ,ms_1,"0,280019",0,0
2020-12-28,VC,ms_1,"0,100005",0,0
2020-12-28,VE,ms_1,"0,200015",0,0
2020-12-28,VG,ms_1,"0,250014",0,0
2020-12-28,VI,ms_1,"0,320018",0,0
2020-12-28,VN,ms_1,"13,290728",0,0
2020-12-28,VU,ms_1,"0,050003",0,0
2020-12-28,WS,ms_1,"0,060003",0,0
2020-12-28,XK,ms_1,"0,65004",0,0
2020-12-28,YE,ms_1,"0,050003",0,0
2020-12-28,YT,ms_1,"0,040005",0,0
2020-12-28,ZA,ms_1,"57,993177",6,"109,0893606"
2020-12-28,ZA,ms_2,"0,033694",0,0
2020-12-28,ZM,ms_1,"1,170079",0,0
2020-12-28,ZW,ms_1,"1,750111",0,0
2020-12-29,AD,ms_1,"0,22",0,0
2020-12-29,AE,ms_1,"45,85",4,"116,9889314"
2020-12-29,AE,ms_2,"13,961714",4,"89,9775"
2020-12-29,AF,ms_1,"1,43",0,0
2020-12-29,AG,ms_1,"0,23",0,0
2020-12-29,AL,ms_1,"1,02",0,0
2020-12-29,AM,ms_1,"0,38",0,0
2020-12-29,AO,ms_1,"0,92",0,0
2020-12-29,AR,ms_1,"14,88",3,0
2020-12-29,AS,ms_1,"0,31",0,0
2020-12-29,AT,ms_1,"28,74",4,"42,98333646"
2020-12-29,AU,ms_1,"342,47",14,"618,8307843"
2020-12-29,AU,ms_2,"23,115274",7,"67,66851867"
2020-12-29,AU,ms_3,0,1,0
2020-12-29,AW,ms_1,"0,29",0,0
2020-12-29,AZ,ms_1,"0,69",1,"10,493"
2020-12-29,BA,ms_1,"0,86",0,0
2020-12-29,BB,ms_1,"0,57",0,0
2020-12-29,BD,ms_1,"1,59",0,0
2020-12-29,BE,ms_1,"62,29",2,"46,61126009"
2020-12-29,BF,ms_1,"0,06",0,0
2020-12-29,BG,ms_1,"6,87",1,"27,993"
2020-12-29,BH,ms_1,"5,95",0,0
2020-12-29,BI,ms_1,"0,04",0,0
2020-12-29,BJ,ms_1,"0,04",0,0
2020-12-29,BL,ms_1,"0,01",0,0
2020-12-29,BM,ms_1,"1,5",0,0
2020-12-29,BN,ms_1,"1,49",0,0
2020-12-29,BO,ms_1,"4,66",1,0
2020-12-29,BR,ms_1,"45,8",6,"167,1312602"
2020-12-29,BS,ms_1,"2,1",0,0
2020-12-29,BT,ms_1,"0,35",0,0
2020-12-29,BW,ms_1,"1,51",0,0
2020-12-29,BY,ms_1,"5,38",0,0
2020-12-29,BZ,ms_1,"0,54",0,0
2020-12-29,CA,ms_1,"350,93",20,"231,9128161"
2020-12-29,CA,ms_2,"29,315532",5,"1,961613275"
2020-12-29,CA,ms_3,0,7,0
2020-12-29,CD,ms_1,"0,36",0,0
2020-12-29,CF,ms_1,"0,05",0,0
2020-12-29,CG,ms_1,"0,1",0,0
2020-12-29,CH,ms_1,"60,57",3,"34,90215764"
2020-12-29,CI,ms_1,"0,52",0,0
2020-12-29,CK,ms_1,"0,03",0,0
2020-12-29,CL,ms_1,"11,24",1,"167,3278381"
2020-12-29,CM,ms_1,"0,45",0,0
2020-12-29,CN,ms_1,"5,62",0,0
2020-12-29,CO,ms_1,"32,24",2,0
2020-12-29,CO,ms_2,"0,590567",0,0
2020-12-29,CR,ms_1,"4,97",0,0
2020-12-29,CV,ms_1,"0,07",0,0
2020-12-29,CW,ms_1,"0,4",0,0
2020-12-29,CY,ms_1,"6,31",0,0
2020-12-29,CZ,ms_1,"27,7",6,"-11,997"
2020-12-29,DE,ms_1,"176,13",14,"201,8799593"
2020-12-29,DE,ms_2,"2,743201",2,"61,28773773"
2020-12-29,DJ,ms_1,"0,16",0,0
2020-12-29,DK,ms_1,"83,46",3,"31,37594527"
2020-12-29,DM,ms_1,"0,03",0,0
2020-12-29,DO,ms_1,"7,88",0,0
2020-12-29,DO,ms_2,"0,575694",0,0
2020-12-29,DZ,ms_1,"0,27",0,0
2020-12-29,EC,ms_1,"7,94",0,0
2020-12-29,EE,ms_1,"12,2",0,0
2020-12-29,EG,ms_1,"7,37",1,0
2020-12-29,EG,ms_2,"0,203312",1,0
2020-12-29,ES,ms_1,"21,5",2,0
2020-12-29,ET,ms_1,"0,7",0,0
2020-12-29,FI,ms_1,"13,31",1,"-23,71739495"
2020-12-29,FI,ms_2,0,1,0
2020-12-29,FJ,ms_1,"0,64",0,0
2020-12-29,FK,ms_1,"0,07",0,0
2020-12-29,FM,ms_1,"0,07",0,0
2020-12-29,FO,ms_1,"1,02",0,0
2020-12-29,FR,ms_1,"28,51",1,"30,83763883"
2020-12-29,FR,ms_2,"31,864083",3,"52,35249003"
2020-12-29,GA,ms_1,"0,14",0,0
2020-12-29,GB,ms_1,2360,161,"3095,786376"
2020-12-29,GB,ms_2,"297,687329",75,"559,68698"
2020-12-29,GD,ms_1,"0,18",0,0
2020-12-29,GE,ms_1,"0,6",0,0
2020-12-29,GF,ms_1,"0,07",0,0
2020-12-29,GG,ms_1,"1,95",0,0
2020-12-29,GH,ms_1,"3,58",0,0
2020-12-29,GI,ms_1,"1,27",0,0
2020-12-29,GL,ms_1,"0,48",0,0
2020-12-29,GM,ms_1,"0,27",0,0
2020-12-29,GN,ms_1,"0,11",0,0
2020-12-29,GP,ms_1,"0,26",0,0
2020-12-29,GQ,ms_1,"0,25",0,0
2020-12-29,GR,ms_1,"38,47",7,"10,22873619"
2020-12-29,GT,ms_1,"2,44",0,0
2020-12-29,GU,ms_1,"2,04",0,0
2020-12-29,GY,ms_1,"0,33",0,0
2020-12-29,HK,ms_1,"45,76",2,"23,52292184"
2020-12-29,HN,ms_1,"3,42",1,0
2020-12-29,HR,ms_1,"7,3",0,0
2020-12-29,HT,ms_1,"0,54",0,0
2020-12-29,HU,ms_1,"20,52",2,"58,9790953"
2020-12-29,ID,ms_1,"26,11",4,"27,993"
2020-12-29,IE,ms_1,"47,17",1,"27,993"
2020-12-29,IE,ms_2,"7,346862",0,0
2020-12-29,IL,ms_1,"11,59",0,0
2020-12-29,IM,ms_1,"4,52",1,"27,993"
2020-12-29,IN,ms_1,"241,62",35,"182,0826149"
2020-12-29,IQ,ms_1,"1,42",0,0
2020-12-29,IS,ms_1,"8,73",2,"27,993"
2020-12-29,IT,ms_1,"34,65",5,"162,8537099"
2020-12-29,JE,ms_1,"5,02",0,0
2020-12-29,JM,ms_1,"1,88",0,0
2020-12-29,JO,ms_1,"3,72",0,0
2020-12-29,JP,ms_1,"42,2",2,"60,95122614"
2020-12-29,KE,ms_1,"5,56",0,0
2020-12-29,KE,ms_2,"0,655438",0,0
2020-12-29,KG,ms_1,"0,1",0,0
2020-12-29,KH,ms_1,"4,61",1,0
2020-12-29,KN,ms_1,"0,1",0,0
2020-12-29,KR,ms_1,"5,8",0,0
2020-12-29,KW,ms_1,"4,94",0,0
2020-12-29,KY,ms_1,"2,09",0,0
2020-12-29,KZ,ms_1,"1,65",0,0
2020-12-29,LA,ms_1,"0,23",0,0
2020-12-29,LB,ms_1,"2,91",0,0
2020-12-29,LB,ms_2,"0,203444",0,0
2020-12-29,LC,ms_1,"0,1",0,0
2020-12-29,LI,ms_1,"0,78",0,0
2020-12-29,LK,ms_1,"9,19",0,0
2020-12-29,LR,ms_1,"0,26",0,0
2020-12-29,LS,ms_1,"0,09",0,0
2020-12-29,LT,ms_1,"11,02",2,"23,44610234"
2020-12-29,LU,ms_1,"7,23",0,0
2020-12-29,LV,ms_1,"5,85",0,0
2020-12-29,LY,ms_1,"0,35",0,0
2020-12-29,MA,ms_1,"0,99",0,0
2020-12-29,MA,ms_2,"0,103784",1,"55,944"
2020-12-29,MC,ms_1,"0,34",0,0
2020-12-29,MD,ms_1,"0,31",0,0
2020-12-29,ME,ms_1,"0,26",0,0
2020-12-29,MF,ms_1,"0,06",0,0
2020-12-29,MG,ms_1,"0,16",0,0
2020-12-29,MH,ms_1,"0,09",0,0
2020-12-29,MK,ms_1,"0,8",0,0
2020-12-29,ML,ms_1,"0,37",0,0
2020-12-29,MM,ms_1,"5,18",0,0
2020-12-29,MN,ms_1,"2,61",1,0
2020-12-29,MO,ms_1,"1,59",0,0
2020-12-29,MP,ms_1,"0,35",0,0
2020-12-29,MQ,ms_1,"0,27",0,0
2020-12-29,MR,ms_1,"0,08",0,0
2020-12-29,MS,ms_1,"0,05",0,0
2020-12-29,MT,ms_1,"5,64",0,0
2020-12-29,MU,ms_1,"0,99",0,0
2020-12-29,MV,ms_1,"1,31",2,"55,986"
2020-12-29,MW,ms_1,"0,56",0,0
2020-12-29,MX,ms_1,"58,56",3,"24,08154518"
2020-12-29,MX,ms_2,"5,738671",0,0
2020-12-29,MY,ms_1,"122,23",9,"162,2322041"
2020-12-29,MZ,ms_1,"1,07",0,0
2020-12-29,NA,ms_1,"2,79",0,0
2020-12-29,NC,ms_1,"0,44",0,0
2020-12-29,NE,ms_1,"0,08",0,0
2020-12-29,NF,ms_1,"0,02",0,0
2020-12-29,NG,ms_1,"7,84",1,"112,4983248"
2020-12-29,NG,ms_2,"4,188738",2,0
2020-12-29,NI,ms_1,"1,85",1,0
2020-12-29,NL,ms_1,"95,91",7,"62,52767761"
2020-12-29,NL,ms_2,"3,228126",1,0
2020-12-29,NO,ms_1,"100,01",6,"124,2862257"
2020-12-29,NP,ms_1,"0,84",0,0
2020-12-29,NR,ms_1,"0,02",0,0
2020-12-29,NZ,ms_1,"67,33",6,"60,64545432"
2020-12-29,NZ,ms_2,"7,27424",2,"27,993"
2020-12-29,OM,ms_1,"4,44",0,0
2020-12-29,PA,ms_1,"4,62",0,0
2020-12-29,PE,ms_1,"5,6",1,0
2020-12-29,PF,ms_1,"0,82",0,0
2020-12-29,PG,ms_1,"0,34",0,0
2020-12-29,PH,ms_1,"87,1",7,"79,06608892"
2020-12-29,PK,ms_1,"13,51",0,0
2020-12-29,PL,ms_1,"40,29",3,"22,39181774"
2020-12-29,PM,ms_1,"0,01",0,0
2020-12-29,PR,ms_1,"17,94",3,"48,986"
2020-12-29,PR,ms_2,"2,670292",0,0
2020-12-29,PS,ms_1,"0,55",0,0
2020-12-29,PT,ms_1,"8,9",0,0
2020-12-29,PW,ms_1,"0,13",0,0
2020-12-29,PY,ms_1,"3,49",0,0
2020-12-29,QA,ms_1,"11,41",0,0
2020-12-29,QA,ms_2,"0,741079",0,0
2020-12-29,RE,ms_1,"0,49",0,0
2020-12-29,RO,ms_1,"32,24",2,"30,40095015"
2020-12-29,RS,ms_1,"1,54",0,0
2020-12-29,RS,ms_2,"0,375874",0,0
2020-12-29,RU,ms_1,"64,68",4,"9,333964433"
2020-12-29,RW,ms_1,"0,48",0,0
2020-12-29,SA,ms_1,"28,84",0,0
2020-12-29,SA,ms_2,"14,262279",2,"6,177295051"
2020-12-29,SB,ms_1,"0,01",0,0
2020-12-29,SC,ms_1,"0,36",0,0
2020-12-29,SE,ms_1,"129,08",5,"83,58302678"
2020-12-29,SG,ms_1,"52,86",4,0
2020-12-29,SI,ms_1,"6,95",1,0
2020-12-29,SI,ms_2,0,1,0
2020-12-29,SK,ms_1,"6,11",0,0
2020-12-29,SL,ms_1,"0,4",0,0
2020-12-29,SM,ms_1,"0,01",0,0
2020-12-29,SN,ms_1,"0,35",0,0
2020-12-29,SO,ms_1,"0,79",0,0
2020-12-29,SR,ms_1,"0,26",0,0
2020-12-29,SS,ms_1,"0,16",0,0
2020-12-29,SV,ms_1,"1,72",0,0
2020-12-29,SX,ms_1,"0,17",0,0
2020-12-29,SZ,ms_1,"0,31",0,0
2020-12-29,TC,ms_1,"0,23",1,"27,993"
2020-12-29,TD,ms_1,"0,07",0,0
2020-12-29,TG,ms_1,"0,06",0,0
2020-12-29,TH,ms_1,"78,42",5,"257,4958824"
2020-12-29,TJ,ms_1,"0,08",0,0
2020-12-29,TL,ms_1,"0,09",0,0
2020-12-29,TM,ms_1,"0,04",0,0
2020-12-29,TN,ms_1,"0,27",0,0
2020-12-29,TO,ms_1,"0,04",0,0
2020-12-29,TR,ms_1,"11,98",0,0
2020-12-29,TR,ms_2,"0,628066",0,0
2020-12-29,TT,ms_1,"2,89",0,0
2020-12-29,TW,ms_1,"8,34",1,0
2020-12-29,TZ,ms_1,"2,16",0,0
2020-12-29,UA,ms_1,"56,91",5,"27,993"
2020-12-29,UG,ms_1,"1,95",0,0
2020-12-29,US,ms_1,"3289,69",156,"2570,2005"
2020-12-29,US,ms_2,"432,580266",44,"779,951"
2020-12-29,US,ms_3,0,45,"475,65"
2020-12-29,UY,ms_1,"5,13",1,"20,3864"
2020-12-29,UZ,ms_1,"0,28",0,0
2020-12-29,VC,ms_1,"0,34",0,0
2020-12-29,VE,ms_1,"5,77",1,0
2020-12-29,VG,ms_1,"0,24",0,0
2020-12-29,VI,ms_1,"0,34",0,0
2020-12-29,VN,ms_1,"17,21",5,0
2020-12-29,VU,ms_1,"0,08",0,0
2020-12-29,WS,ms_1,"0,06",0,0
2020-12-29,XK,ms_1,"0,69",0,0
2020-12-29,YE,ms_1,"0,1",0,0
2020-12-29,YT,ms_1,"0,03",0,0
2020-12-29,ZA,ms_1,"59,52",8,"193,4659378"
2020-12-29,ZA,ms_2,"0,189601",0,0
2020-12-29,ZM,ms_1,"1,5",0,0
2020-12-29,ZW,ms_1,"2,09",0,0
2020-12-30,AD,ms_1,"0,24",0,0
2020-12-30,AE,ms_1,"45,97",3,0
2020-12-30,AE,ms_2,"12,216845",0,0
2020-12-30,AF,ms_1,"1,82",0,0
2020-12-30,AG,ms_1,"0,12",0,0
2020-12-30,AL,ms_1,"1,87",0,0
2020-12-30,AM,ms_1,"0,7",0,0
2020-12-30,AO,ms_1,"6,48",0,0
2020-12-30,AR,ms_1,"15,64",2,"89,9775"
2020-12-30,AS,ms_1,"0,25",0,0
2020-12-30,AT,ms_1,"39,2",3,"216,1534966"
2020-12-30,AU,ms_1,"408,45",20,"423,0993901"
2020-12-30,AU,ms_2,"22,830682",1,"7,196312449"
2020-12-30,AU,ms_3,0,1,"7,126297047"
2020-12-30,AW,ms_1,"0,78",0,0
2020-12-30,AZ,ms_1,"0,99",1,0
2020-12-30,BA,ms_1,"1,77",0,0
2020-12-30,BB,ms_1,"0,5",0,0
2020-12-30,BD,ms_1,"1,65",0,0
2020-12-30,BE,ms_1,"91,08",2,"31,37888159"
2020-12-30,BF,ms_1,"0,13",0,0
2020-12-30,BG,ms_1,"7,68",0,0
2020-12-30,BH,ms_1,"4,43",0,0
2020-12-30,BI,ms_1,"0,1",0,0
2020-12-30,BJ,ms_1,"0,08",0,0
2020-12-30,BM,ms_1,"1,7",0,0
2020-12-30,BN,ms_1,"1,05",1,0
2020-12-30,BO,ms_1,"5,09",1,0
2020-12-30,BR,ms_1,"43,83",2,0
2020-12-30,BS,ms_1,"1,9",0,0
2020-12-30,BT,ms_1,"0,39",0,0
2020-12-30,BW,ms_1,"1,02",0,0
2020-12-30,BY,ms_1,"5,6",1,0
2020-12-30,BZ,ms_1,"0,65",0,0
2020-12-30,CA,ms_1,"424,88",14,"180,8950487"
2020-12-30,CA,ms_2,"27,086474",2,0
2020-12-30,CA,ms_3,0,5,"7,466333108"
2020-12-30,CD,ms_1,"0,33",0,0
2020-12-30,CF,ms_1,"0,02",0,0
2020-12-30,CG,ms_1,"0,16",0,0
2020-12-30,CH,ms_1,"107,18",5,"23,59164674"
2020-12-30,CI,ms_1,"2,26",1,"27,993"
2020-12-30,CK,ms_1,"0,12",0,0
2020-12-30,CL,ms_1,"36,66",2,"23,11058439"
2020-12-30,CM,ms_1,"0,3",0,0
2020-12-30,CN,ms_1,"6,1",1,0
2020-12-30,CO,ms_1,"48,53",5,"78,66863462"
2020-12-30,CO,ms_2,"0,170026",0,0
2020-12-30,CR,ms_1,"9,99",1,0
2020-12-30,CV,ms_1,"0,09",0,0
2020-12-30,CW,ms_1,"0,9",0,0
2020-12-30,CY,ms_1,"7,6",1,0
2020-12-30,CZ,ms_1,"29,87",1,0
2020-12-30,DE,ms_1,"442,73",22,"650,8522676"
2020-12-30,DE,ms_2,"0,1308",2,"8,317383431"
2020-12-30,DJ,ms_1,"0,28",0,0
2020-12-30,DK,ms_1,"87,93",6,"166,5559037"
2020-12-30,DK,ms_2,0,1,"27,993"
2020-12-30,DM,ms_1,"0,05",0,0
2020-12-30,DO,ms_1,"7,42",1,"27,993"
2020-12-30,DO,ms_2,"0,549183",0,0
2020-12-30,DZ,ms_1,"0,47",0,0
2020-12-30,EC,ms_1,"9,39",0,0
2020-12-30,EE,ms_1,"15,56",1,0
2020-12-30,EG,ms_1,"9,07",0,0
2020-12-30,EG,ms_2,"0,141602",0,0
2020-12-30,ES,ms_1,"34,57",1,0
2020-12-30,ET,ms_1,"0,68",0,0
2020-12-30,FI,ms_1,"13,12",0,0
2020-12-30,FI,ms_2,0,2,0
2020-12-30,FJ,ms_1,"0,4",0,0
2020-12-30,FK,ms_1,"0,15",0,0
2020-12-30,FM,ms_1,"0,05",0,0
2020-12-30,FO,ms_1,"0,59",0,0
2020-12-30,FR,ms_1,"45,03",3,0
2020-12-30,FR,ms_2,0,1,0
2020-12-30,GA,ms_1,"0,14",0,0
2020-12-30,GB,ms_1,"2248,77",129,"2450,50628"
2020-12-30,GB,ms_2,"301,247382",59,"508,0408415"
2020-12-30,GD,ms_1,"0,16",0,0
2020-12-30,GE,ms_1,"1,58",0,0
2020-12-30,GF,ms_1,"0,05",0,0
2020-12-30,GG,ms_1,"2,88",1,"95,976"
2020-12-30,GH,ms_1,"3,46",0,0
2020-12-30,GI,ms_1,"1,26",0,0
2020-12-30,GL,ms_1,"0,58",0,0
2020-12-30,GM,ms_1,"0,34",0,0
2020-12-30,GN,ms_1,"0,05",0,0
2020-12-30,GP,ms_1,"4,23",1,"-4,497"
2020-12-30,GQ,ms_1,"0,1",0,0
2020-12-30,GR,ms_1,"42,18",3,"56,64319752"
2020-12-30,GT,ms_1,"6,09",0,0
2020-12-30,GU,ms_1,"2,08",0,0
2020-12-30,GW,ms_1,"0,03",0,0
2020-12-30,GY,ms_1,"0,28",0,0
2020-12-30,HK,ms_1,"47,9",2,0
2020-12-30,HN,ms_1,"3,06",0,0
2020-12-30,HR,ms_1,"5,1",0,0
2020-12-30,HT,ms_1,"0,3",0,0
2020-12-30,HU,ms_1,"29,16",9,"109,1685157"
2020-12-30,ID,ms_1,24,0,0
2020-12-30,IE,ms_1,"83,2",4,"138,497288"
2020-12-30,IE,ms_2,"7,277593",3,"8,080816805"
2020-12-30,IL,ms_1,"11,48",0,0
2020-12-30,IM,ms_1,"4,31",0,0
2020-12-30,IN,ms_1,"267,37",26,"110,6936435"
2020-12-30,IQ,ms_1,"2,85",0,0
2020-12-30,IS,ms_1,"5,36",0,0
2020-12-30,IT,ms_1,"119,24",16,"377,3752847"
2020-12-30,JE,ms_1,"8,83",0,0
2020-12-30,JM,ms_1,"1,62",0,0
2020-12-30,JO,ms_1,"3,04",0,0
2020-12-30,JP,ms_1,"44,17",1,"88,85718193"
2020-12-30,KE,ms_1,"5,77",0,0
2020-12-30,KE,ms_2,"0,421722",0,0
2020-12-30,KG,ms_1,"0,12",0,0
2020-12-30,KH,ms_1,"4,43",0,0
2020-12-30,KM,ms_1,"0,01",0,0
2020-12-30,KN,ms_1,"0,12",0,0
2020-12-30,KR,ms_1,"5,75",0,0
2020-12-30,KW,ms_1,"5,58",2,"27,993"
2020-12-30,KY,ms_1,"2,1",0,0
2020-12-30,KZ,ms_1,"2,21",0,0
2020-12-30,LA,ms_1,"0,3",0,0
2020-12-30,LB,ms_1,"3,75",0,0
2020-12-30,LB,ms_2,"0,101026",0,0
2020-12-30,LC,ms_1,"0,38",0,0
2020-12-30,LI,ms_1,"0,92",1,"10,493"
2020-12-30,LK,ms_1,"10,99",0,0
2020-12-30,LR,ms_1,"0,3",0,0
2020-12-30,LS,ms_1,"0,11",0,0
2020-12-30,LT,ms_1,"11,82",1,0
2020-12-30,LU,ms_1,"14,73",0,0
2020-12-30,LV,ms_1,"7,86",0,0
2020-12-30,LY,ms_1,"0,38",0,0
2020-12-30,MA,ms_1,"1,69",0,0
2020-12-30,MA,ms_2,"0,048893",0,0
2020-12-30,MC,ms_1,"0,93",0,0
2020-12-30,MD,ms_1,"0,43",0,0
2020-12-30,ME,ms_1,"0,43",0,0
2020-12-30,MF,ms_1,"0,08",0,0
2020-12-30,MG,ms_1,"0,48",0,0
2020-12-30,MH,ms_1,"0,08",0,0
2020-12-30,MK,ms_1,"1,99",0,0
2020-12-30,ML,ms_1,"1,02",0,0
2020-12-30,MM,ms_1,"6,02",1,"20,986"
2020-12-30,MN,ms_1,"2,68",0,0
2020-12-30,MO,ms_1,"2,03",0,0
2020-12-30,MP,ms_1,"0,25",0,0
2020-12-30,MQ,ms_1,"0,33",0,0
2020-12-30,MR,ms_1,"0,43",0,0
2020-12-30,MS,ms_1,"0,01",0,0
2020-12-30,MT,ms_1,"4,06",0,0
2020-12-30,MU,ms_1,"1,08",0,0
2020-12-30,MV,ms_1,"1,28",0,0
2020-12-30,MW,ms_1,"0,59",0,0
2020-12-30,MX,ms_1,"104,16",3,"105,5513896"
2020-12-30,MX,ms_2,"5,728339",0,0
2020-12-30,MY,ms_1,"133,83",11,"279,6943338"
2020-12-30,MZ,ms_1,"2,77",0,0
2020-12-30,NA,ms_1,"2,7",0,0
2020-12-30,NC,ms_1,"3,68",0,0
2020-12-30,NE,ms_1,"0,06",0,0
2020-12-30,NF,ms_1,"0,04",0,0
2020-12-30,NG,ms_1,"9,06",1,0
2020-12-30,NG,ms_2,"2,384388",0,0
2020-12-30,NI,ms_1,"2,34",0,0
2020-12-30,NL,ms_1,"100,87",2,"31,37888159"
2020-12-30,NL,ms_2,"2,9253",0,0
2020-12-30,NO,ms_1,"121,87",4,"57,84527459"
2020-12-30,NP,ms_1,"0,93",0,0
2020-12-30,NZ,ms_1,"72,07",9,"96,99304385"
2020-12-30,NZ,ms_2,"7,732283",1,0
2020-12-30,OM,ms_1,"3,95",0,0
2020-12-30,PA,ms_1,"4,7",0,0
2020-12-30,PE,ms_1,"5,97",0,0
2020-12-30,PF,ms_1,"0,83",0,0
2020-12-30,PG,ms_1,"0,28",0,0
2020-12-30,PH,ms_1,"74,03",8,"257,6922672"
2020-12-30,PK,ms_1,"20,12",1,"144,5990287"
2020-12-30,PL,ms_1,"38,28",1,0
2020-12-30,PM,ms_1,"0,06",0,0
2020-12-30,PR,ms_1,"18,35",1,"6,993"
2020-12-30,PR,ms_2,"2,56069",1,0
2020-12-30,PS,ms_1,"0,55",0,0
2020-12-30,PT,ms_1,"41,54",3,"44,65835967"
2020-12-30,PW,ms_1,"0,08",0,0
2020-12-30,PY,ms_1,"6,07",2,0
2020-12-30,QA,ms_1,"11,33",1,"28,44984552"
2020-12-30,QA,ms_2,"0,831635",0,0
2020-12-30,RE,ms_1,"7,65",1,"-4,497"
2020-12-30,RO,ms_1,"28,13",4,"11,62471263"
2020-12-30,RS,ms_1,"4,3",0,0
2020-12-30,RS,ms_2,"0,329613",0,0
2020-12-30,RU,ms_1,"71,91",5,0
2020-12-30,RW,ms_1,"0,46",0,0
2020-12-30,SA,ms_1,"24,06",0,0
2020-12-30,SA,ms_2,"16,65111",4,"108,3300401"
2020-12-30,SB,ms_1,"0,01",0,0
2020-12-30,SC,ms_1,"0,22",0,0
2020-12-30,SE,ms_1,"146,02",5,"67,12222881"
2020-12-30,SG,ms_1,"51,93",4,0
2020-12-30,SH,ms_1,"0,01",0,0
2020-12-30,SI,ms_1,"4,72",0,0
2020-12-30,SK,ms_1,"12,41",3,"27,993"
2020-12-30,SL,ms_1,"0,55",0,0
2020-12-30,SM,ms_1,"0,01",0,0
2020-12-30,SN,ms_1,"0,41",0,0
2020-12-30,SO,ms_1,"0,66",0,0
2020-12-30,SR,ms_1,"0,33",0,0
2020-12-30,SS,ms_1,"0,33",0,0
2020-12-30,SV,ms_1,"2,54",0,0
2020-12-30,SX,ms_1,"0,22",0,0
2020-12-30,SZ,ms_1,"0,26",0,0
2020-12-30,TC,ms_1,"0,34",0,0
2020-12-30,TD,ms_1,"0,03",0,0
2020-12-30,TG,ms_1,"0,23",0,0
2020-12-30,TH,ms_1,"85,18",3,0
2020-12-30,TJ,ms_1,"0,1",0,0
2020-12-30,TL,ms_1,"0,07",0,0
2020-12-30,TM,ms_1,"0,07",0,0
2020-12-30,TN,ms_1,"0,84",0,0
2020-12-30,TO,ms_1,"0,1",0,0
2020-12-30,TR,ms_1,"18,97",0,0
2020-12-30,TR,ms_2,"0,159381",1,0
2020-12-30,TT,ms_1,"2,72",0,0
2020-12-30,TW,ms_1,"5,86",0,0
2020-12-30,TZ,ms_1,"1,77",1,"27,993"
2020-12-30,UA,ms_1,"80,76",9,"326,294"
2020-12-30,UG,ms_1,"2,11",0,0
2020-12-30,US,ms_1,"4634,05",155,"2693,323"
2020-12-30,US,ms_2,"538,398525",49,"1025,079"
2020-12-30,US,ms_3,0,57,"558,6345"
2020-12-30,UY,ms_1,"10,1",2,"343,5708"
2020-12-30,UZ,ms_1,"0,27",0,0
2020-12-30,VC,ms_1,"0,07",1,"27,993"
2020-12-30,VE,ms_1,"5,13",0,0
2020-12-30,VG,ms_1,"0,28",0,0
2020-12-30,VI,ms_1,"0,37",0,0
2020-12-30,VN,ms_1,"22,7",1,0
2020-12-30,VU,ms_1,"0,03",0,0
2020-12-30,WS,ms_1,"0,05",0,0
2020-12-30,XK,ms_1,"6,75",0,0
2020-12-30,YE,ms_1,"0,03",0,0
2020-12-30,YT,ms_1,"0,32",0,0
2020-12-30,ZA,ms_1,"76,02",2,0
2020-12-30,ZA,ms_2,"0,058208",0,0
2020-12-30,ZM,ms_1,"1,41",0,0
2020-12-30,ZW,ms_1,"2,09",0,0
2020-12-31,AD,ms_1,"0,149964",0,0
2020-12-31,AE,ms_1,"51,271855",4,0
2020-12-31,AE,ms_2,"9,023865",2,"6,747059784"
2020-12-31,AF,ms_1,"1,639738",0,0
2020-12-31,AG,ms_1,"0,209964",0,0
2020-12-31,AL,ms_1,"1,379774",0,0
2020-12-31,AM,ms_1,"0,899889",0,0
2020-12-31,AO,ms_1,"0,909901",0,0
2020-12-31,AR,ms_1,"15,365625",0,0
2020-12-31,AR,ms_2,"2,786121",0,0
2020-12-31,AS,ms_1,"0,139976",0,0
2020-12-31,AT,ms_1,"44,586222",3,"23,30879779"
2020-12-31,AU,ms_1,"281,722649",17,"534,1566486"
2020-12-31,AU,ms_2,"47,974333",3,"55,986"
2020-12-31,AU,ms_3,0,4,"27,993"
2020-12-31,AW,ms_1,"0,359918",0,0
2020-12-31,AZ,ms_1,"0,749875",0,0
2020-12-31,BA,ms_1,"0,889877",0,0
2020-12-31,BB,ms_1,"0,49992",0,0
2020-12-31,BD,ms_1,"1,639715",0,0
2020-12-31,BE,ms_1,"80,882629",6,"89,37062185"
2020-12-31,BE,ms_2,"1,00082",0,0
2020-12-31,BF,ms_1,"0,019997",0,0
2020-12-31,BG,ms_1,"7,97869",1,0
2020-12-31,BH,ms_1,"5,539109",0,0
2020-12-31,BJ,ms_1,"0,079986",0,0
2020-12-31,BL,ms_1,"0,009999",0,0
2020-12-31,BM,ms_1,"1,079828",0,0
2020-12-31,BN,ms_1,"1,269789",0,0
2020-12-31,BO,ms_1,"3,11907",1,0
2020-12-31,BR,ms_1,"33,894515",2,"10,76943813"
2020-12-31,BR,ms_2,"0,114473",0,0
2020-12-31,BS,ms_1,"1,079808",0,0
2020-12-31,BT,ms_1,"0,279952",0,0
2020-12-31,BW,ms_1,"0,759882",0,0
2020-12-31,BY,ms_1,"3,899745",0,0
2020-12-31,BZ,ms_1,"0,389921",0,0
2020-12-31,CA,ms_1,"265,533064",14,"455,2154454"
2020-12-31,CA,ms_2,"25,910559",4,"67,95685533"
2020-12-31,CA,ms_3,0,3,"60,47604085"
2020-12-31,CD,ms_1,"0,259957",0,0
2020-12-31,CF,ms_1,"0,039993",0,0
2020-12-31,CG,ms_1,"0,049991",0,0
2020-12-31,CH,ms_1,"108,65549",5,"140,6122883"
2020-12-31,CH,ms_2,"0,645191",0,0
2020-12-31,CI,ms_1,"2,579248",1,"61,9845"
2020-12-31,CK,ms_1,"0,109981",0,0
2020-12-31,CL,ms_1,"16,115738",3,"108,3908138"
2020-12-31,CL,ms_2,"0,612853",0,0
2020-12-31,CM,ms_1,"0,339941",0,0
2020-12-31,CN,ms_1,"3,88939",0,0
2020-12-31,CO,ms_1,"16,085752",5,"27,60302125"
2020-12-31,CO,ms_2,"4,351188",0,0
2020-12-31,CR,ms_1,"8,847795",0,0
2020-12-31,CR,ms_2,"1,975769",1,0
2020-12-31,CV,ms_1,"0,039995",0,0
2020-12-31,CW,ms_1,"0,619904",0,0
2020-12-31,CY,ms_1,"4,679193",1,0
2020-12-31,CZ,ms_1,"23,735975",1,"27,993"
2020-12-31,DE,ms_1,"462,500612",29,"806,0661639"
2020-12-31,DE,ms_2,"4,058715",2,"66,05183013"
2020-12-31,DJ,ms_1,"0,129977",0,0
2020-12-31,DK,ms_1,"82,895792",1,"31,16269144"
2020-12-31,DK,ms_2,"1,229155",0,0
2020-12-31,DM,ms_1,"0,019997",0,0
2020-12-31,DO,ms_1,"2,779292",0,0
2020-12-31,DO,ms_2,"4,175933",0,0
2020-12-31,DZ,ms_1,"0,209965",0,0
2020-12-31,EC,ms_1,"3,659062",0,0
2020-12-31,EC,ms_2,"1,814474",1,0
2020-12-31,EE,ms_1,"9,908313",0,0
2020-12-31,EG,ms_1,"6,398903",0,0
2020-12-31,EG,ms_2,"0,079592",0,0
2020-12-31,ES,ms_1,"28,464165",1,0
2020-12-31,ES,ms_2,"6,102135",0,0
2020-12-31,ET,ms_1,"0,359938",0,0
2020-12-31,FI,ms_1,"13,80769",0,0
2020-12-31,FJ,ms_1,"0,499917",0,0
2020-12-31,FK,ms_1,"0,089984",0,0
2020-12-31,FM,ms_1,"0,019997",0,0
2020-12-31,FO,ms_1,"0,739876",0,0
2020-12-31,FR,ms_1,"36,973883",3,"41,99304087"
2020-12-31,FR,ms_2,"5,229733",0,0
2020-12-31,GA,ms_1,"0,089988",0,0
2020-12-31,GB,ms_1,"1635,019695",75,"965,9419738"
2020-12-31,GB,ms_2,"309,26735",60,"638,6938565"
2020-12-31,GD,ms_1,"0,129977",0,0
2020-12-31,GE,ms_1,"1,279785",0,0
2020-12-31,GF,ms_1,"0,119979",0,0
2020-12-31,GG,ms_1,"1,489741",0,0
2020-12-31,GH,ms_1,"2,279604",0,0
2020-12-31,GI,ms_1,"0,689875",0,0
2020-12-31,GL,ms_1,"0,37994",0,0
2020-12-31,GM,ms_1,"0,139977",0,0
2020-12-31,GN,ms_1,"0,049991",0,0
2020-12-31,GP,ms_1,"3,378994",0,0
2020-12-31,GQ,ms_1,"0,069988",0,0
2020-12-31,GR,ms_1,"20,196515",0,0
2020-12-31,GT,ms_1,"3,989072",0,0
2020-12-31,GU,ms_1,"1,429752",0,0
2020-12-31,GY,ms_1,"0,319947",0,0
2020-12-31,HK,ms_1,"30,79496",4,"45,69815359"
2020-12-31,HN,ms_1,"2,139408",0,0
2020-12-31,HR,ms_1,"3,489409",1,0
2020-12-31,HT,ms_1,"0,359936",0,0
2020-12-31,HU,ms_1,"20,746479",0,0
2020-12-31,ID,ms_1,"19,686911",2,"25,62036571"
2020-12-31,IE,ms_1,"58,160293",2,0
2020-12-31,IE,ms_2,"6,221126",0,0
2020-12-31,IL,ms_1,"10,708252",0,0
2020-12-31,IM,ms_1,"2,819534",0,0
2020-12-31,IN,ms_1,"197,055795",17,"83,62214459"
2020-12-31,IQ,ms_1,"1,239806",0,0
2020-12-31,IS,ms_1,"3,879361",0,0
2020-12-31,IT,ms_1,"276,756845",25,"379,2632872"
2020-12-31,JE,ms_1,"4,339242",0,0
2020-12-31,JM,ms_1,"1,399753",0,0
2020-12-31,JO,ms_1,"2,819549",0,0
2020-12-31,JP,ms_1,"28,085371",3,"58,31059657"
2020-12-31,KE,ms_1,"4,04932",0,0
2020-12-31,KE,ms_2,"0,160839",0,0
2020-12-31,KG,ms_1,"0,159974",0,0
2020-12-31,KH,ms_1,"3,569387",0,0
2020-12-31,KN,ms_1,"0,119979",0,0
2020-12-31,KR,ms_1,"3,849326",0,0
2020-12-31,KW,ms_1,"4,169276",0,0
2020-12-31,KY,ms_1,"1,629721",0,0
2020-12-31,KZ,ms_1,"1,609724",0,0
2020-12-31,LA,ms_1,"0,329942",0,0
2020-12-31,LB,ms_1,"2,079646",0,0
2020-12-31,LB,ms_2,"0,070693",0,0
2020-12-31,LC,ms_1,"0,049991",0,0
2020-12-31,LI,ms_1,"0,949954",0,0
2020-12-31,LK,ms_1,"6,718832",0,0
2020-12-31,LR,ms_1,"0,219962",0,0
2020-12-31,LS,ms_1,"0,079986",0,0
2020-12-31,LT,ms_1,"9,008505",0,0
2020-12-31,LU,ms_1,"10,388625",0,0
2020-12-31,LV,ms_1,"6,168964",0,0
2020-12-31,LY,ms_1,"0,359945",0,0
2020-12-31,MA,ms_1,"0,969831",0,0
2020-12-31,MA,ms_2,"0,568907",0,0
2020-12-31,MC,ms_1,"0,859829",0,0
2020-12-31,MD,ms_1,"0,349939",0,0
2020-12-31,ME,ms_1,"0,319946",0,0
2020-12-31,MF,ms_1,"0,029995",0,0
2020-12-31,MG,ms_1,"0,32992",0,0
2020-12-31,MH,ms_1,"0,009999",0,0
2020-12-31,MK,ms_1,"1,979693",1,0
2020-12-31,ML,ms_1,"0,729813",0,0
2020-12-31,MM,ms_1,"5,59903",0,0
2020-12-31,MN,ms_1,"2,489591",0,0
2020-12-31,MO,ms_1,"1,079819",0,0
2020-12-31,MP,ms_1,"0,239961",0,0
2020-12-31,MQ,ms_1,"0,119978",0,0
2020-12-31,MR,ms_1,"0,329914",0,0
2020-12-31,MS,ms_1,"0,049991",0,0
2020-12-31,MT,ms_1,"3,209492",0,0
2020-12-31,MU,ms_1,"1,059801",1,0
2020-12-31,MV,ms_1,"1,119814",0,0
2020-12-31,MW,ms_1,"0,619896",0,0
2020-12-31,MX,ms_1,"52,148346",3,"21,0942451"
2020-12-31,MX,ms_2,"16,452299",2,"29,42101529"
2020-12-31,MY,ms_1,"63,669587",11,"101,2956677"
2020-12-31,MZ,ms_1,"0,569909",0,0
2020-12-31,NA,ms_1,"1,339797",0,0
2020-12-31,NC,ms_1,"3,219043",0,0
2020-12-31,NE,ms_1,"0,03999",0,0
2020-12-31,NF,ms_1,"0,039995",0,0
2020-12-31,NG,ms_1,"6,388892",0,0
2020-12-31,NG,ms_2,"1,48083",0,0
2020-12-31,NI,ms_1,"0,679837",0,0
2020-12-31,NL,ms_1,"75,867529",3,"145,4767233"
2020-12-31,NL,ms_2,"3,88234",0,0
2020-12-31,NO,ms_1,"67,398703",4,"40,51962195"
2020-12-31,NO,ms_2,"9,596694",0,0
2020-12-31,NP,ms_1,"0,769866",1,0
2020-12-31,NU,ms_1,"0,019997",0,0
2020-12-31,NZ,ms_1,"42,273102",0,0
2020-12-31,NZ,ms_2,"4,378608",0,0
2020-12-31,OM,ms_1,"2,699534",0,0
2020-12-31,PA,ms_1,"4,129022",0,0
2020-12-31,PE,ms_1,"8,057929",0,0
2020-12-31,PE,ms_2,"0,473121",0,0
2020-12-31,PF,ms_1,"0,369936",0,0
2020-12-31,PG,ms_1,"0,329944",0,0
2020-12-31,PH,ms_1,"40,642874",3,0
2020-12-31,PK,ms_1,"17,986876",1,0
2020-12-31,PL,ms_1,"26,405501",2,0
2020-12-31,PL,ms_2,"0,089685",0,0
2020-12-31,PM,ms_1,"0,019995",0,0
2020-12-31,PR,ms_1,"14,687306",0,0
2020-12-31,PR,ms_2,"25,216926",1,0
2020-12-31,PS,ms_1,"0,66989",0,0
2020-12-31,PT,ms_1,"10,048547",0,0
2020-12-31,PW,ms_1,"0,099983",0,0
2020-12-31,PY,ms_1,"1,609534",0,0
2020-12-31,QA,ms_1,"10,268251",1,0
2020-12-31,QA,ms_2,0,1,"61,9845"
2020-12-31,RE,ms_1,"5,88826",0,0
2020-12-31,RO,ms_1,"25,9657",1,0
2020-12-31,RS,ms_1,"2,289648",0,0
2020-12-31,RS,ms_2,"0,507219",0,0
2020-12-31,RU,ms_1,"83,423778",6,"49,18819351"
2020-12-31,RW,ms_1,"0,389931",0,0
2020-12-31,SA,ms_1,"21,476385",0,0
2020-12-31,SA,ms_2,"3,581752",0,0
2020-12-31,SB,ms_1,"0,029995",0,0
2020-12-31,SC,ms_1,"0,229963",0,0
2020-12-31,SE,ms_1,"97,813239",4,"12,58257314"
2020-12-31,SE,ms_2,"5,78272",1,0
2020-12-31,SG,ms_1,"36,104093",1,"-15,32333575"
2020-12-31,SI,ms_1,"4,46924",0,0
2020-12-31,SI,ms_2,"0,016302",0,0
2020-12-31,SK,ms_1,"8,158637",1,0
2020-12-31,SL,ms_1,"0,279959",0,0
2020-12-31,SM,ms_1,"0,009998",0,0
2020-12-31,SN,ms_1,"0,249958",0,0
2020-12-31,SO,ms_1,"0,529915",0,0
2020-12-31,SR,ms_1,"0,209964",0,0
2020-12-31,SS,ms_1,"0,16997",0,0
2020-12-31,ST,ms_1,"0,009998",0,0
2020-12-31,SV,ms_1,"1,339688",0,0
2020-12-31,SX,ms_1,"0,149974",0,0
2020-12-31,SZ,ms_1,"0,20996",0,0
2020-12-31,TC,ms_1,"0,239958",0,0
2020-12-31,TD,ms_1,"0,019997",0,0
2020-12-31,TG,ms_1,"0,14996",0,0
2020-12-31,TH,ms_1,"51,571062",3,"55,47473882"
2020-12-31,TJ,ms_1,"0,109984",0,0
2020-12-31,TL,ms_1,"0,049991",0,0
2020-12-31,TM,ms_1,"0,019997",0,0
2020-12-31,TN,ms_1,"0,479931",0,0
2020-12-31,TO,ms_1,"0,05999",0,0
2020-12-31,TR,ms_1,"17,697351",0,0
2020-12-31,TR,ms_2,"0,171988",0,0
2020-12-31,TT,ms_1,"1,949677",1,0
2020-12-31,TW,ms_1,"4,049333",1,0
2020-12-31,TZ,ms_1,"1,559749",0,0
2020-12-31,UA,ms_1,"74,884952",3,"61,9845"
2020-12-31,UG,ms_1,"1,61973",0,0
2020-12-31,US,ms_1,"3845,965316",130,"3211,632"
2020-12-31,US,ms_2,"346,466669",31,"480,1525"
2020-12-31,US,ms_3,0,49,"155,877"
2020-12-31,UY,ms_1,"4,388733",1,"27,1932"
2020-12-31,UY,ms_2,"0,390271",0,0
2020-12-31,UZ,ms_1,"0,29995",0,0
2020-12-31,VC,ms_1,"0,139976",0,0
2020-12-31,VE,ms_1,"0,969766",0,0
2020-12-31,VG,ms_1,"0,129977",0,0
2020-12-31,VI,ms_1,"0,28995",0,0
2020-12-31,VN,ms_1,"14,137554",1,0
2020-12-31,VU,ms_1,"0,079986",0,0
2020-12-31,WS,ms_1,"0,009998",0,0
2020-12-31,XK,ms_1,"2,219793",0,0
2020-12-31,YE,ms_1,"0,049991",0,0
2020-12-31,YT,ms_1,"0,259922",0,0
2020-12-31,ZA,ms_1,"44,982289",5,0
2020-12-31,ZA,ms_2,"0,08134",0,0
2020-12-31,ZM,ms_1,"0,899846",0,0
2020-12-31,ZW,ms_1,"1,469754",0,0
2021-01-01,AD,ms_1,"0,09",0,0
2021-01-01,AE,ms_1,"40,37",2,"73,02769681"
2021-01-01,AE,ms_2,"2,97611",3,0
2021-01-01,AF,ms_1,"0,99",0,0
2021-01-01,AG,ms_1,"0,12",0,0
2021-01-01,AL,ms_1,"0,55",0,0
2021-01-01,AM,ms_1,"0,39",0,0
2021-01-01,AO,ms_1,"0,46",0,0
2021-01-01,AR,ms_1,"10,38",4,"27,993"
2021-01-01,AR,ms_2,"2,514036",0,0
2021-01-01,AS,ms_1,"0,02",0,0
2021-01-01,AT,ms_1,"38,91",3,"57,62928883"
2021-01-01,AT,ms_2,0,2,0
2021-01-01,AU,ms_1,"182,51",10,"360,5153744"
2021-01-01,AU,ms_2,"9,350063",1,0
2021-01-01,AU,ms_3,"67,78",5,"63,52387704"
2021-01-01,AW,ms_1,"0,19",0,0
2021-01-01,AZ,ms_1,"0,41",0,0
2021-01-01,BA,ms_1,"0,53",0,0
2021-01-01,BB,ms_1,"0,4",0,0
2021-01-01,BD,ms_1,"0,65",0,0
2021-01-01,BE,ms_1,"55,39",2,"-16,84225113"
2021-01-01,BE,ms_2,"0,156721",0,0
2021-01-01,BF,ms_1,"0,04",0,0
2021-01-01,BG,ms_1,"3,24",0,0
2021-01-01,BH,ms_1,"4,56",0,0
2021-01-01,BI,ms_1,"0,01",0,0
2021-01-01,BJ,ms_1,"0,06",1,"27,993"
2021-01-01,BL,ms_1,"0,02",0,0
2021-01-01,BM,ms_1,"0,77",0,0
2021-01-01,BN,ms_1,"0,57",0,0
2021-01-01,BO,ms_1,"2,13",0,0
2021-01-01,BR,ms_1,"19,37",2,"73,05887984"
2021-01-01,BS,ms_1,"1,21",0,0
2021-01-01,BT,ms_1,"0,15",0,0
2021-01-01,BW,ms_1,"0,44",0,0
2021-01-01,BY,ms_1,"3,62",0,0
2021-01-01,BZ,ms_1,"0,13",0,0
2021-01-01,CA,ms_1,"191,01",12,"197,100847"
2021-01-01,CA,ms_2,"27,97117",4,"90,51381042"
2021-01-01,CA,ms_3,"171,52",6,0
2021-01-01,CD,ms_1,"0,15",0,0
2021-01-01,CG,ms_1,"0,04",0,0
2021-01-01,CH,ms_1,"106,42",10,"209,9482573"
2021-01-01,CH,ms_2,"0,374076",0,0
2021-01-01,CI,ms_1,"1,66",0,0
2021-01-01,CK,ms_1,"0,02",0,0
2021-01-01,CL,ms_1,"15,14",1,"23,99861314"
2021-01-01,CL,ms_2,"1,273467",0,0
2021-01-01,CM,ms_1,"0,16",0,0
2021-01-01,CN,ms_1,"1,94",0,0
2021-01-01,CO,ms_1,"14,69",2,"10,72115129"
2021-01-01,CO,ms_2,"3,735719",1,0
2021-01-01,CR,ms_1,"8,6",0,0
2021-01-01,CR,ms_2,"1,889254",0,0
2021-01-01,CV,ms_1,"0,03",0,0
2021-01-01,CW,ms_1,"0,31",0,0
2021-01-01,CY,ms_1,"2,36",1,0
2021-01-01,CZ,ms_1,"13,29",3,"85,18968564"
2021-01-01,DE,ms_1,"407,95",36,"384,7708085"
2021-01-01,DE,ms_2,"1,487283",1,0
2021-01-01,DJ,ms_1,"0,04",0,0
2021-01-01,DK,ms_1,"36,49",1,"31,15757685"
2021-01-01,DO,ms_1,"2,72",0,0
2021-01-01,DO,ms_2,"3,631695",0,0
2021-01-01,DZ,ms_1,"0,11",0,0
2021-01-01,EC,ms_1,"3,09",0,0
2021-01-01,EC,ms_2,"1,817861",0,0
2021-01-01,EE,ms_1,"4,21",0,0
2021-01-01,EG,ms_1,"3,13",0,0
2021-01-01,EG,ms_2,"0,035075",0,0
2021-01-01,ES,ms_1,"22,43",6,"84,95611138"
2021-01-01,ES,ms_2,"6,095789",1,"16,19796758"
2021-01-01,ET,ms_1,"0,21",0,0
2021-01-01,FI,ms_1,"6,35",0,0
2021-01-01,FJ,ms_1,"0,18",0,0
2021-01-01,FK,ms_1,"0,03",0,0
2021-01-01,FO,ms_1,"0,54",0,0
2021-01-01,FR,ms_1,"19,3",0,0
2021-01-01,FR,ms_2,"1,516786",0,0
2021-01-01,FR,ms_3,0,1,"27,70733735"
2021-01-01,GA,ms_1,"0,05",0,0
2021-01-01,GB,ms_1,"926,62",57,"760,5089624"
2021-01-01,GB,ms_2,"230,679392",58,"563,5517841"
2021-01-01,GD,ms_1,"0,03",1,0
2021-01-01,GE,ms_1,"0,47",0,0
2021-01-01,GF,ms_1,"0,03",0,0
2021-01-01,GG,ms_1,"0,91",1,"27,993"
2021-01-01,GH,ms_1,"1,47",0,0
2021-01-01,GI,ms_1,"0,37",0,0
2021-01-01,GL,ms_1,"0,16",0,0
2021-01-01,GM,ms_1,"0,05",0,0
2021-01-01,GN,ms_1,"0,03",0,0
2021-01-01,GP,ms_1,"2,01",0,0
2021-01-01,GQ,ms_1,"0,04",0,0
2021-01-01,GR,ms_1,"7,98",2,"2,405306553"
2021-01-01,GT,ms_1,"2,11",0,0
2021-01-01,GU,ms_1,"0,71",0,0
2021-01-01,GW,ms_1,"0,01",0,0
2021-01-01,GY,ms_1,"0,15",0,0
2021-01-01,HK,ms_1,"13,62",0,0
2021-01-01,HN,ms_1,"1,59",0,0
2021-01-01,HR,ms_1,"1,77",0,0
2021-01-01,HT,ms_1,"0,08",0,0
2021-01-01,HU,ms_1,"7,34",1,0
2021-01-01,ID,ms_1,"13,83",2,"25,62036571"
2021-01-01,IE,ms_1,"31,14",1,"27,993"
2021-01-01,IE,ms_2,"4,112163",2,0
2021-01-01,IL,ms_1,"6,05",0,0
2021-01-01,IM,ms_1,"1,67",0,0
2021-01-01,IN,ms_1,"79,42",4,"26,57491047"
2021-01-01,IQ,ms_1,"0,6",0,0
2021-01-01,IS,ms_1,"2,09",0,0
2021-01-01,IT,ms_1,"273,6",42,"467,9458875"
2021-01-01,JE,ms_1,"1,8",0,0
2021-01-01,JM,ms_1,"0,68",0,0
2021-01-01,JO,ms_1,"2,37",1,"10,493"
2021-01-01,JP,ms_1,"8,98",0,0
2021-01-01,KE,ms_1,"2,63",0,0
2021-01-01,KE,ms_2,"0,03136",0,0
2021-01-01,KG,ms_1,"0,06",0,0
2021-01-01,KH,ms_1,"0,94",0,0
2021-01-01,KN,ms_1,"0,04",0,0
2021-01-01,KR,ms_1,"1,83",0,0
2021-01-01,KW,ms_1,"3,08",0,0
2021-01-01,KY,ms_1,"1,32",0,0
2021-01-01,KZ,ms_1,"0,91",0,0
2021-01-01,LA,ms_1,"0,17",0,0
2021-01-01,LB,ms_1,"1,08",0,0
2021-01-01,LC,ms_1,"0,05",0,0
2021-01-01,LI,ms_1,"1,02",0,0
2021-01-01,LK,ms_1,"2,66",0,0
2021-01-01,LR,ms_1,"0,11",0,0
2021-01-01,LS,ms_1,"0,04",0,0
2021-01-01,LT,ms_1,"4,04",1,"62,958"
2021-01-01,LU,ms_1,"9,59",0,0
2021-01-01,LV,ms_1,"2,42",0,0
2021-01-01,LY,ms_1,"0,22",0,0
2021-01-01,MA,ms_1,"0,49",0,0
2021-01-01,MA,ms_2,"0,075397",0,0
2021-01-01,MC,ms_1,"0,64",0,0
2021-01-01,MD,ms_1,"0,19",0,0
2021-01-01,ME,ms_1,"0,08",0,0
2021-01-01,MF,ms_1,"0,04",0,0
2021-01-01,MG,ms_1,"0,23",0,0
2021-01-01,MH,ms_1,"0,01",0,0
2021-01-01,MK,ms_1,"1,17",0,0
2021-01-01,ML,ms_1,"0,61",0,0
2021-01-01,MM,ms_1,"2,5",0,0
2021-01-01,MN,ms_1,"1,07",0,0
2021-01-01,MO,ms_1,"0,77",0,0
2021-01-01,MP,ms_1,"0,19",0,0
2021-01-01,MQ,ms_1,"0,08",0,0
2021-01-01,MR,ms_1,"0,15",0,0
2021-01-01,MT,ms_1,"1,76",0,0
2021-01-01,MU,ms_1,"0,82",1,0
2021-01-01,MV,ms_1,"0,62",0,0
2021-01-01,MW,ms_1,"0,21",0,0
2021-01-01,MX,ms_1,"37,21",4,"82,80790198"
2021-01-01,MX,ms_2,"18,082721",3,"166,2804252"
2021-01-01,MY,ms_1,"25,39",5,"10,24910505"
2021-01-01,MZ,ms_1,"0,3",0,0
2021-01-01,NA,ms_1,"0,94",0,0
2021-01-01,NC,ms_1,"1,73",0,0
2021-01-01,NE,ms_1,"0,05",0,0
2021-01-01,NG,ms_1,"2,76",0,0
2021-01-01,NG,ms_2,"0,479725",0,0
2021-01-01,NI,ms_1,"0,63",0,0
2021-01-01,NL,ms_1,"43,71",2,"62,0269582"
2021-01-01,NL,ms_2,"1,724211",0,0
2021-01-01,NO,ms_1,"34,95",4,"59,89781626"
2021-01-01,NO,ms_2,"2,452368",2,"27,993"
2021-01-01,NP,ms_1,"0,26",0,0
2021-01-01,NZ,ms_1,"26,65",1,0
2021-01-01,NZ,ms_2,"1,517672",0,0
2021-01-01,OM,ms_1,"1,41",0,0
2021-01-01,PA,ms_1,"4,44",2,"31,479"
2021-01-01,PE,ms_1,7,3,0
2021-01-01,PE,ms_2,"0,174584",0,0
2021-01-01,PF,ms_1,"0,11",0,0
2021-01-01,PG,ms_1,"0,09",0,0
2021-01-01,PH,ms_1,"14,45",2,0
2021-01-01,PK,ms_1,"8,37",0,0
2021-01-01,PL,ms_1,"16,55",0,0
2021-01-01,PL,ms_2,"0,180248",0,0
2021-01-01,PM,ms_1,"0,01",0,0
2021-01-01,PR,ms_1,"7,57",0,0
2021-01-01,PR,ms_2,"20,542008",0,0
2021-01-01,PS,ms_1,"0,4",0,0
2021-01-01,PT,ms_1,"5,83",0,0
2021-01-01,PW,ms_1,"0,03",0,0
2021-01-01,PY,ms_1,"2,17",0,0
2021-01-01,QA,ms_1,"8,11",0,0
2021-01-01,RE,ms_1,"3,39",1,0
2021-01-01,RO,ms_1,"8,82",3,0
2021-01-01,RS,ms_1,"1,52",0,0
2021-01-01,RS,ms_2,"0,060774",0,0
2021-01-01,RU,ms_1,"97,76",12,"93,13534532"
2021-01-01,RW,ms_1,"0,25",0,0
2021-01-01,SA,ms_1,"16,25",0,0
2021-01-01,SA,ms_2,"2,416651",1,0
2021-01-01,SB,ms_1,"0,02",0,0
2021-01-01,SC,ms_1,"0,14",0,0
2021-01-01,SE,ms_1,"48,11",3,"43,95056891"
2021-01-01,SG,ms_1,"19,18",2,0
2021-01-01,SI,ms_1,"1,14",0,0
2021-01-01,SI,ms_2,"0,145306",0,0
2021-01-01,SJ,ms_1,"0,01",0,0
2021-01-01,SK,ms_1,"5,31",0,0
2021-01-01,SL,ms_1,"0,26",0,0
2021-01-01,SM,ms_1,"0,02",0,0
2021-01-01,SN,ms_1,"0,13",0,0
2021-01-01,SO,ms_1,"0,28",0,0
2021-01-01,SR,ms_1,"0,1",0,0
2021-01-01,SS,ms_1,"0,04",0,0
2021-01-01,SV,ms_1,"0,95",0,0
2021-01-01,SX,ms_1,"0,03",0,0
2021-01-01,SZ,ms_1,"0,13",0,0
2021-01-01,TC,ms_1,"0,06",0,0
2021-01-01,TD,ms_1,"0,01",0,0
2021-01-01,TG,ms_1,"0,07",0,0
2021-01-01,TH,ms_1,"16,06",1,0
2021-01-01,TJ,ms_1,"0,06",0,0
2021-01-01,TL,ms_1,"0,02",0,0
2021-01-01,TM,ms_1,"0,04",0,0
2021-01-01,TN,ms_1,"0,16",0,0
2021-01-01,TO,ms_1,"0,01",0,0
2021-01-01,TR,ms_1,"11,95",0,0
2021-01-01,TR,ms_2,"0,055107",0,0
2021-01-01,TT,ms_1,"1,31",0,0
2021-01-01,TV,ms_1,"0,01",0,0
2021-01-01,TW,ms_1,"1,32",0,0
2021-01-01,TZ,ms_1,"0,91",0,0
2021-01-01,UA,ms_1,"62,69",14,"177,1435"
2021-01-01,UG,ms_1,"0,78",0,0
2021-01-01,US,ms_1,"1954,34",76,"1488,1935"
2021-01-01,US,ms_2,"491,983377",85,"1176,0645"
2021-01-01,US,ms_3,"650,06",57,"828,471"
2021-01-01,UY,ms_1,"3,97",0,0
2021-01-01,UY,ms_2,"0,460652",0,0
2021-01-01,UZ,ms_1,"0,18",0,0
2021-01-01,VC,ms_1,"0,05",0,0
2021-01-01,VE,ms_1,"0,89",0,0
2021-01-01,VG,ms_1,"0,2",0,0
2021-01-01,VI,ms_1,"0,18",0,0
2021-01-01,VN,ms_1,"4,3",0,0
2021-01-01,VU,ms_1,"0,01",0,0
2021-01-01,WS,ms_1,"0,01",0,0
2021-01-01,XK,ms_1,"0,61",0,0
2021-01-01,YE,ms_1,"0,01",0,0
2021-01-01,YT,ms_1,"0,21",0,0
2021-01-01,ZA,ms_1,"23,42",2,"50,37009064"
2021-01-01,ZM,ms_1,"0,45",0,0
2021-01-01,ZW,ms_1,"0,88",0,0
2021-01-02,AD,ms_1,"0,15",0,0
2021-01-02,AE,ms_1,"71,53",1,"28,27238202"
2021-01-02,AE,ms_2,"9,668675",6,"110,2194031"
2021-01-02,AF,ms_1,"0,67",0,0
2021-01-02,AG,ms_1,"0,07",0,0
2021-01-02,AL,ms_1,"0,82",1,"10,493"
2021-01-02,AM,ms_1,"0,23",0,0
2021-01-02,AO,ms_1,"0,49",0,0
2021-01-02,AR,ms_1,"16,01",2,0
2021-01-02,AR,ms_2,"1,774102",1,"10,989"
2021-01-02,AS,ms_1,"0,04",0,0
2021-01-02,AT,ms_1,"63,77",6,"153,944047"
2021-01-02,AU,ms_1,"492,17",22,"395,2869965"
2021-01-02,AU,ms_2,"15,222351",4,"7,196312449"
2021-01-02,AU,ms_3,"53,14",6,"28,72649746"
2021-01-02,AW,ms_1,"0,38",0,0
2021-01-02,AZ,ms_1,"0,26",0,0
2021-01-02,BA,ms_1,"0,56",0,0
2021-01-02,BB,ms_1,"0,39",0,0
2021-01-02,BD,ms_1,"0,82",0,0
2021-01-02,BE,ms_1,"82,22",7,"119,8163155"
2021-01-02,BE,ms_2,"0,067554",0,0
2021-01-02,BF,ms_1,"0,01",0,0
2021-01-02,BG,ms_1,"5,02",0,0
2021-01-02,BH,ms_1,"6,66",1,"86,3616"
2021-01-02,BJ,ms_1,"0,02",0,0
2021-01-02,BL,ms_1,"0,06",0,0
2021-01-02,BM,ms_1,"1,1",0,0
2021-01-02,BN,ms_1,"0,74",0,0
2021-01-02,BO,ms_1,"3,26",0,0
2021-01-02,BR,ms_1,"281,19",55,"774,6345693"
2021-01-02,BS,ms_1,"0,83",0,0
2021-01-02,BT,ms_1,"0,14",0,0
2021-01-02,BW,ms_1,"0,74",0,0
2021-01-02,BY,ms_1,"5,32",2,"8,6942"
2021-01-02,BZ,ms_1,"0,12",0,0
2021-01-02,CA,ms_1,"448,4",16,"214,5686232"
2021-01-02,CA,ms_2,"24,379993",6,"7,415725925"
2021-01-02,CA,ms_3,"142,72",11,"1,924539579"
2021-01-02,CD,ms_1,"0,05",0,0
2021-01-02,CG,ms_1,"0,02",1,0
2021-01-02,CH,ms_1,163,11,"231,139491"
2021-01-02,CH,ms_2,"0,025522",0,0
2021-01-02,CI,ms_1,"2,94",0,0
2021-01-02,CK,ms_1,"0,01",0,0
2021-01-02,CL,ms_1,"23,74",3,"27,993"
2021-01-02,CL,ms_2,"1,111968",0,0
2021-01-02,CM,ms_1,"0,25",0,0
2021-01-02,CN,ms_1,"2,66",0,0
2021-01-02,CO,ms_1,"22,39",3,0
2021-01-02,CO,ms_2,"3,064647",0,0
2021-01-02,CR,ms_1,"11,8",2,"55,986"
2021-01-02,CR,ms_2,"1,524725",1,0
2021-01-02,CW,ms_1,"0,38",0,0
2021-01-02,CY,ms_1,"1,87",0,0
2021-01-02,CZ,ms_1,"16,24",1,"11,58908573"
2021-01-02,DE,ms_1,"659,85",53,"1004,493618"
2021-01-02,DE,ms_2,"0,030142",0,0
2021-01-02,DJ,ms_1,"0,07",0,0
2021-01-02,DK,ms_1,"48,37",2,"31,15757685"
2021-01-02,DO,ms_1,"3,32",0,0
2021-01-02,DO,ms_2,"3,452979",1,"27,972"
2021-01-02,DZ,ms_1,"0,07",0,0
2021-01-02,EC,ms_1,"5,19",1,"20,993"
2021-01-02,EC,ms_2,"1,244745",0,0
2021-01-02,EE,ms_1,"3,79",0,0
2021-01-02,EG,ms_1,"4,78",0,0
2021-01-02,EG,ms_2,"0,030637",0,0
2021-01-02,ES,ms_1,"30,59",2,0
2021-01-02,ES,ms_2,"5,219511",1,0
2021-01-02,ET,ms_1,"0,16",0,0
2021-01-02,FI,ms_1,"9,62",0,0
2021-01-02,FJ,ms_1,"0,33",0,0
2021-01-02,FK,ms_1,"0,01",0,0
2021-01-02,FM,ms_1,"0,01",0,0
2021-01-02,FO,ms_1,"0,45",0,0
2021-01-02,FR,ms_1,"19,78",1,"23,21934124"
2021-01-02,FR,ms_2,"1,053244",0,0
2021-01-02,GA,ms_1,"0,04",0,0
2021-01-02,GB,ms_1,"1362,51",86,"879,3731315"
2021-01-02,GB,ms_2,"257,618319",52,"461,6811976"
2021-01-02,GD,ms_1,"0,06",0,0
2021-01-02,GE,ms_1,"0,69",0,0
2021-01-02,GF,ms_1,"0,03",0,0
2021-01-02,GG,ms_1,"0,7",0,0
2021-01-02,GH,ms_1,1,1,"27,993"
2021-01-02,GI,ms_1,"0,32",0,0
2021-01-02,GL,ms_1,"0,37",0,0
2021-01-02,GM,ms_1,"0,04",0,0
2021-01-02,GN,ms_1,"0,03",0,0
2021-01-02,GP,ms_1,"2,92",0,0
2021-01-02,GQ,ms_1,"0,01",0,0
2021-01-02,GR,ms_1,"11,52",0,0
2021-01-02,GT,ms_1,"5,08",1,0
2021-01-02,GU,ms_1,"0,45",0,0
2021-01-02,GY,ms_1,"0,23",0,0
2021-01-02,HK,ms_1,"32,88",3,"-13,45445333"
2021-01-02,HN,ms_1,"1,93",1,"62,979"
2021-01-02,HR,ms_1,"2,11",0,0
2021-01-02,HT,ms_1,"0,19",0,0
2021-01-02,HU,ms_1,"8,43",2,"28,69291392"
2021-01-02,ID,ms_1,"30,77",3,0
2021-01-02,IE,ms_1,"38,28",6,"75,95918899"
2021-01-02,IE,ms_2,"4,707673",1,0
2021-01-02,IL,ms_1,"18,1",0,0
2021-01-02,IM,ms_1,"1,96",0,0
2021-01-02,IN,ms_1,"89,78",12,"9,91103708"
2021-01-02,IQ,ms_1,"0,79",0,0
2021-01-02,IS,ms_1,"3,19",0,0
2021-01-02,IT,ms_1,"430,49",45,"768,7803958"
2021-01-02,JE,ms_1,"1,47",0,0
2021-01-02,JM,ms_1,"0,63",0,0
2021-01-02,JO,ms_1,"2,41",0,0
2021-01-02,JP,ms_1,"14,87",0,0
2021-01-02,KE,ms_1,"2,67",1,"23,994"
2021-01-02,KE,ms_2,"0,049845",0,0
2021-01-02,KG,ms_1,"0,09",0,0
2021-01-02,KH,ms_1,"1,25",0,0
2021-01-02,KN,ms_1,"0,04",0,0
2021-01-02,KR,ms_1,"1,79",0,0
2021-01-02,KW,ms_1,"3,2",0,0
2021-01-02,KY,ms_1,"1,47",1,0
2021-01-02,KZ,ms_1,"0,77",0,0
2021-01-02,LA,ms_1,"0,26",1,"52,465"
2021-01-02,LB,ms_1,"1,17",0,0
2021-01-02,LB,ms_2,"0,010215",0,0
2021-01-02,LC,ms_1,"0,06",0,0
2021-01-02,LI,ms_1,"1,4",0,0
2021-01-02,LK,ms_1,"2,14",0,0
2021-01-02,LR,ms_1,"0,1",0,0
2021-01-02,LS,ms_1,"0,01",0,0
2021-01-02,LT,ms_1,"6,57",0,0
2021-01-02,LU,ms_1,"12,79",1,0
2021-01-02,LV,ms_1,"2,34",1,"11,60615147"
2021-01-02,LY,ms_1,"0,17",0,0
2021-01-02,MA,ms_1,"0,57",0,0
2021-01-02,MA,ms_2,"0,043124",0,0
2021-01-02,MC,ms_1,"0,66",0,0
2021-01-02,MD,ms_1,"0,08",0,0
2021-01-02,ME,ms_1,"0,15",0,0
2021-01-02,MF,ms_1,"0,01",0,0
2021-01-02,MG,ms_1,"0,32",0,0
2021-01-02,MK,ms_1,"1,1",0,0
2021-01-02,ML,ms_1,"1,05",0,0
2021-01-02,MM,ms_1,"2,71",0,0
2021-01-02,MN,ms_1,"1,44",0,0
2021-01-02,MO,ms_1,"0,41",0,0
2021-01-02,MP,ms_1,"0,09",0,0
2021-01-02,MQ,ms_1,"0,05",0,0
2021-01-02,MR,ms_1,"0,17",0,0
2021-01-02,MT,ms_1,"1,7",0,0
2021-01-02,MU,ms_1,"0,85",0,0
2021-01-02,MV,ms_1,"0,72",1,"27,993"
2021-01-02,MW,ms_1,"0,25",0,0
2021-01-02,MX,ms_1,"66,21",6,"143,8776141"
2021-01-02,MX,ms_2,"13,661372",0,0
2021-01-02,MY,ms_1,"60,99",4,0
2021-01-02,MZ,ms_1,"0,33",0,0
2021-01-02,NA,ms_1,"0,98",0,0
2021-01-02,NC,ms_1,"3,44",1,0
2021-01-02,NE,ms_1,"0,04",0,0
2021-01-02,NF,ms_1,"0,01",0,0
2021-01-02,NG,ms_1,"2,1",0,0
2021-01-02,NG,ms_2,"0,890192",0,0
2021-01-02,NI,ms_1,"0,83",0,0
2021-01-02,NL,ms_1,"63,87",4,"61,9229355"
2021-01-02,NL,ms_2,"0,022146",0,0
2021-01-02,NO,ms_1,"48,8",2,"33,02575039"
2021-01-02,NP,ms_1,"0,41",0,0
2021-01-02,NZ,ms_1,"68,91",7,"55,28548211"
2021-01-02,NZ,ms_2,"1,598805",1,0
2021-01-02,OM,ms_1,"1,15",1,"10,493"
2021-01-02,PA,ms_1,"6,54",0,0
2021-01-02,PE,ms_1,"9,4",0,0
2021-01-02,PE,ms_2,"0,46551",0,0
2021-01-02,PF,ms_1,"0,11",0,0
2021-01-02,PG,ms_1,"0,09",0,0
2021-01-02,PH,ms_1,"25,83",4,"60,82180941"
2021-01-02,PK,ms_1,"9,19",0,0
2021-01-02,PL,ms_1,"22,59",3,"59,21742675"
2021-01-02,PL,ms_2,0,1,0
2021-01-02,PR,ms_1,"15,24",1,0
2021-01-02,PR,ms_2,"15,684461",3,"27,993"
2021-01-02,PS,ms_1,"0,34",0,0
2021-01-02,PT,ms_1,"7,14",0,0
2021-01-02,PY,ms_1,"2,37",1,0
2021-01-02,QA,ms_1,"13,31",1,"254,6953426"
2021-01-02,QA,ms_2,0,1,0
2021-01-02,RE,ms_1,"6,01",2,0
2021-01-02,RO,ms_1,"14,17",0,0
2021-01-02,RS,ms_1,"1,72",0,0
2021-01-02,RU,ms_1,"150,52",25,"67,98218914"
2021-01-02,RW,ms_1,"0,27",0,0
2021-01-02,SA,ms_1,"32,43",3,"19,50854787"
2021-01-02,SA,ms_2,"12,449339",2,0
2021-01-02,SC,ms_1,"0,11",0,0
2021-01-02,SE,ms_1,"59,54",3,0
2021-01-02,SE,ms_2,0,1,0
2021-01-02,SG,ms_1,"39,99",4,"29,02734872"
2021-01-02,SH,ms_1,"0,02",0,0
2021-01-02,SI,ms_1,"2,1",0,0
2021-01-02,SK,ms_1,"7,91",2,0
2021-01-02,SL,ms_1,"0,15",0,0
2021-01-02,SN,ms_1,"0,1",0,0
2021-01-02,SO,ms_1,"0,41",0,0
2021-01-02,SR,ms_1,"0,18",0,0
2021-01-02,SS,ms_1,"0,04",0,0
2021-01-02,SV,ms_1,"1,72",0,0
2021-01-02,SX,ms_1,"0,03",0,0
2021-01-02,SZ,ms_1,"0,06",0,0
2021-01-02,TC,ms_1,"0,07",0,0
2021-01-02,TD,ms_1,"0,02",0,0
2021-01-02,TG,ms_1,"0,22",0,0
2021-01-02,TH,ms_1,"32,39",1,"9,880675812"
2021-01-02,TJ,ms_1,"0,04",0,0
2021-01-02,TL,ms_1,"0,05",0,0
2021-01-02,TM,ms_1,"0,02",0,0
2021-01-02,TN,ms_1,"0,12",0,0
2021-01-02,TO,ms_1,"0,01",0,0
2021-01-02,TR,ms_1,"13,39",2,0
2021-01-02,TR,ms_2,"0,068388",0,0
2021-01-02,TT,ms_1,"1,9",0,0
2021-01-02,TW,ms_1,"5,73",1,0
2021-01-02,TZ,ms_1,"1,1",1,0
2021-01-02,UA,ms_1,"110,64",22,"277,8028"
2021-01-02,UG,ms_1,"0,62",1,"10,493"
2021-01-02,US,ms_1,"1715,56",54,"1076,1535"
2021-01-02,US,ms_2,"464,721971",64,"709,5745"
2021-01-02,US,ms_3,"603,92",58,"477,932"
2021-01-02,UY,ms_1,"5,08",2,"27,1932"
2021-01-02,UY,ms_2,"0,114403",0,0
2021-01-02,UZ,ms_1,"0,24",0,0
2021-01-02,VC,ms_1,"0,04",0,0
2021-01-02,VE,ms_1,"1,67",0,0
2021-01-02,VG,ms_1,"0,06",0,0
2021-01-02,VI,ms_1,"0,21",0,0
2021-01-02,VN,ms_1,"5,59",0,0
2021-01-02,VU,ms_1,"0,01",0,0
2021-01-02,WF,ms_1,"0,01",0,0
2021-01-02,WS,ms_1,"0,01",0,0
2021-01-02,XK,ms_1,"1,47",0,0
2021-01-02,YE,ms_1,"0,02",0,0
2021-01-02,YT,ms_1,"0,3",0,0
2021-01-02,ZA,ms_1,"25,83",3,0
2021-01-02,ZM,ms_1,"0,55",0,0
2021-01-02,ZW,ms_1,"1,02",0,0
2021-01-03,AD,ms_1,"0,15",0,0
2021-01-03,AE,ms_1,"66,549717",6,"41,95139124"
2021-01-03,AE,ms_2,"11,694538",5,"81,97055839"
2021-01-03,AF,ms_1,"0,689999",0,0
2021-01-03,AG,ms_1,"0,1",1,"10,493"
2021-01-03,AL,ms_1,"0,73",0,0
2021-01-03,AM,ms_1,"0,24",1,0
2021-01-03,AO,ms_1,"0,649999",0,0
2021-01-03,AR,ms_1,"17,559987",2,"38,486"
2021-01-03,AR,ms_2,"0,314583",0,0
2021-01-03,AS,ms_1,"0,11",0,0
2021-01-03,AT,ms_1,"75,999978",5,"35,15595045"
2021-01-03,AU,ms_1,"281,639391",19,"557,8830378"
2021-01-03,AU,ms_2,"15,131595",4,"35,14904146"
2021-01-03,AU,ms_3,"18,38",1,0
2021-01-03,AW,ms_1,"0,36",0,0
2021-01-03,AZ,ms_1,"0,47",0,0
2021-01-03,BA,ms_1,"0,889997",0,0
2021-01-03,BB,ms_1,"0,449998",0,0
2021-01-03,BD,ms_1,"0,56",0,0
2021-01-03,BE,ms_1,"121,329873",11,"295,5272253"
2021-01-03,BE,ms_2,"0,075057",0,0
2021-01-03,BF,ms_1,"0,04",0,0
2021-01-03,BG,ms_1,"7,439986",2,"86,51234799"
2021-01-03,BH,ms_1,"6,409972",0,0
2021-01-03,BI,ms_1,"0,01",0,0
2021-01-03,BJ,ms_1,"0,05",0,0
2021-01-03,BL,ms_1,"0,03",0,0
2021-01-03,BM,ms_1,"1,699995",0,0
2021-01-03,BN,ms_1,"0,869997",0,0
2021-01-03,BO,ms_1,"3,64",0,0
2021-01-03,BR,ms_1,"769,179796",90,"1201,545329"
2021-01-03,BS,ms_1,"1,55",1,0
2021-01-03,BT,ms_1,"0,09",0,0
2021-01-03,BW,ms_1,"1,009999",0,0
2021-01-03,BY,ms_1,"8,98",1,"27,993"
2021-01-03,BZ,ms_1,"0,29",0,0
2021-01-03,CA,ms_1,"480,019193",29,"357,6504125"
2021-01-03,CA,ms_2,"33,998612",10,"44,97121736"
2021-01-03,CA,ms_3,"92,35",2,0
2021-01-03,CD,ms_1,"0,02",0,0
2021-01-03,CF,ms_1,"0,01",0,0
2021-01-03,CG,ms_1,"0,04",0,0
2021-01-03,CH,ms_1,"225,019872",22,"372,1565236"
2021-01-03,CH,ms_2,"0,101877",0,0
2021-01-03,CI,ms_1,"2,939999",0,0
2021-01-03,CK,ms_1,"0,03",0,0
2021-01-03,CL,ms_1,"37,589977",4,"70,17739091"
2021-01-03,CL,ms_2,"0,149082",0,0
2021-01-03,CM,ms_1,"0,17",0,0
2021-01-03,CN,ms_1,"3,409988",0,0
2021-01-03,CO,ms_1,"29,82997",6,"21,36050965"
2021-01-03,CO,ms_2,"0,466326",0,0
2021-01-03,CR,ms_1,"14,49999",2,0
2021-01-03,CR,ms_2,"0,19865",0,0
2021-01-03,CV,ms_1,"0,01",0,0
2021-01-03,CW,ms_1,"0,629998",0,0
2021-01-03,CY,ms_1,"3,17",0,0
2021-01-03,CZ,ms_1,"22,609963",3,"11,61320982"
2021-01-03,DE,ms_1,"870,539657",74,"1095,491214"
2021-01-03,DE,ms_2,"2,95596",4,"120,8964476"
2021-01-03,DJ,ms_1,"0,07",0,0
2021-01-03,DK,ms_1,"53,509868",4,"41,92308058"
2021-01-03,DO,ms_1,"5,36",1,0
2021-01-03,DO,ms_2,"0,534854",1,0
2021-01-03,DZ,ms_1,"0,1",0,0
2021-01-03,EC,ms_1,"7,349992",2,0
2021-01-03,EC,ms_2,"0,174288",0,0
2021-01-03,EE,ms_1,"7,819988",3,0
2021-01-03,EG,ms_1,"4,66",2,"28,99234195"
2021-01-03,EG,ms_2,"0,037908",1,0
2021-01-03,ES,ms_1,"35,079935",5,"54,48815277"
2021-01-03,ES,ms_2,"2,086949",0,0
2021-01-03,ET,ms_1,"0,23",0,0
2021-01-03,FI,ms_1,"13,939968",0,0
2021-01-03,FJ,ms_1,"0,369999",0,0
2021-01-03,FK,ms_1,"0,1",0,0
2021-01-03,FO,ms_1,"0,789998",0,0
2021-01-03,FR,ms_1,"31,369894",0,0
2021-01-03,FR,ms_2,"2,448439",1,0
2021-01-03,GA,ms_1,"0,07",0,0
2021-01-03,GB,ms_1,"1666,145374",111,"1991,351117"
2021-01-03,GB,ms_2,"267,219935",50,"542,8963188"
2021-01-03,GD,ms_1,"0,1",0,0
2021-01-03,GE,ms_1,"0,42",0,0
2021-01-03,GF,ms_1,"0,03",0,0
2021-01-03,GG,ms_1,"1,23",0,0
2021-01-03,GH,ms_1,"1,21",1,"27,993"
2021-01-03,GI,ms_1,"0,51",0,0
2021-01-03,GL,ms_1,"0,409999",0,0
2021-01-03,GM,ms_1,"0,08",0,0
2021-01-03,GN,ms_1,"0,03",0,0
2021-01-03,GP,ms_1,"2,64",0,0
2021-01-03,GQ,ms_1,"0,17",0,0
2021-01-03,GR,ms_1,"19,63",4,"56,37543492"
2021-01-03,GT,ms_1,"6,309994",0,0
2021-01-03,GU,ms_1,"1,11",0,0
2021-01-03,GW,ms_1,"0,01",0,0
2021-01-03,GY,ms_1,"0,359999",0,0
2021-01-03,HK,ms_1,"25,029925",0,0
2021-01-03,HN,ms_1,"3,09",0,0
2021-01-03,HR,ms_1,"3,21",0,0
2021-01-03,HT,ms_1,"0,2",0,0
2021-01-03,HU,ms_1,"14,52",1,"10,78179768"
2021-01-03,ID,ms_1,"21,489907",1,0
2021-01-03,IE,ms_1,"53,439858",2,"30,71637611"
2021-01-03,IE,ms_2,"10,309262",3,"23,755693"
2021-01-03,IL,ms_1,"11,619966",1,"68,7188188"
2021-01-03,IM,ms_1,"2,979996",0,0
2021-01-03,IN,ms_1,"116,75",14,"120,6901743"
2021-01-03,IQ,ms_1,"0,73",0,0
2021-01-03,IS,ms_1,"5,179992",0,0
2021-01-03,IT,ms_1,"467,379945",75,"948,1448654"
2021-01-03,IT,ms_2,0,1,0
2021-01-03,JE,ms_1,"2,17",0,0
2021-01-03,JM,ms_1,"1,08",0,0
2021-01-03,JO,ms_1,"3,40999",0,0
2021-01-03,JP,ms_1,"13,889968",1,0
2021-01-03,KE,ms_1,"3,049992",0,0
2021-01-03,KE,ms_2,"0,030749",0,0
2021-01-03,KG,ms_1,"0,11",0,0
2021-01-03,KH,ms_1,"1,5",0,0
2021-01-03,KN,ms_1,"0,12",0,0
2021-01-03,KR,ms_1,"1,95",0,0
2021-01-03,KW,ms_1,"7,23",0,0
2021-01-03,KY,ms_1,"1,929995",0,0
2021-01-03,KZ,ms_1,"1,44",0,0
2021-01-03,LA,ms_1,"0,13",0,0
2021-01-03,LB,ms_1,"2,44",0,0
2021-01-03,LC,ms_1,"0,15",0,0
2021-01-03,LI,ms_1,"1,73",0,0
2021-01-03,LK,ms_1,"2,18",0,0
2021-01-03,LR,ms_1,"0,11",0,0
2021-01-03,LS,ms_1,"0,02",0,0
2021-01-03,LT,ms_1,"11,969972",0,0
2021-01-03,LU,ms_1,"15,899988",1,"12,1202915"
2021-01-03,LV,ms_1,"5,389986",0,0
2021-01-03,LY,ms_1,"0,13",0,0
2021-01-03,MA,ms_1,"0,75",0,0
2021-01-03,MA,ms_2,"0,02654",0,0
2021-01-03,MC,ms_1,"0,719999",0,0
2021-01-03,MD,ms_1,"0,26",0,0
2021-01-03,ME,ms_1,"0,17",0,0
2021-01-03,MF,ms_1,"0,01",0,0
2021-01-03,MG,ms_1,"0,27",0,0
2021-01-03,MH,ms_1,"0,02",0,0
2021-01-03,MK,ms_1,"1,129997",0,0
2021-01-03,ML,ms_1,"1,01",0,0
2021-01-03,MM,ms_1,"2,049999",0,0
2021-01-03,MN,ms_1,"1,519997",0,0
2021-01-03,MO,ms_1,"1,059999",0,0
2021-01-03,MP,ms_1,"0,18",0,0
2021-01-03,MQ,ms_1,"0,1",0,0
2021-01-03,MR,ms_1,"0,27",0,0
2021-01-03,MT,ms_1,"3,189991",0,0
2021-01-03,MU,ms_1,"1,109999",0,0
2021-01-03,MV,ms_1,"0,849997",0,0
2021-01-03,MW,ms_1,"0,23",0,0
2021-01-03,MX,ms_1,"92,769885",5,"75,62772348"
2021-01-03,MX,ms_2,"4,13629",0,0
2021-01-03,MY,ms_1,"50,66984",3,"-11,997"
2021-01-03,MZ,ms_1,"0,699998",0,0
2021-01-03,NA,ms_1,"1,639996",0,0
2021-01-03,NC,ms_1,"3,47",1,0
2021-01-03,NE,ms_1,"0,01",0,0
2021-01-03,NF,ms_1,"0,01",0,0
2021-01-03,NG,ms_1,"4,48",0,0
2021-01-03,NG,ms_2,"1,057306",0,0
2021-01-03,NI,ms_1,"1,259998",0,0
2021-01-03,NL,ms_1,"102,559705",15,"244,8045284"
2021-01-03,NL,ms_2,"2,208331",1,0
2021-01-03,NO,ms_1,"78,329808",6,"109,5169655"
2021-01-03,NO,ms_2,"0,852886",1,0
2021-01-03,NP,ms_1,"0,37",0,0
2021-01-03,NR,ms_1,"0,01",0,0
2021-01-03,NU,ms_1,"0,01",0,0
2021-01-03,NZ,ms_1,"62,119881",3,"44,02787942"
2021-01-03,NZ,ms_2,"3,840332",1,0
2021-01-03,OM,ms_1,"1,4",0,0
2021-01-03,PA,ms_1,"9,789982",0,0
2021-01-03,PE,ms_1,"13,889992",3,"25,95736154"
2021-01-03,PE,ms_2,"0,039145",0,0
2021-01-03,PF,ms_1,"0,33",0,0
2021-01-03,PG,ms_1,"0,14",0,0
2021-01-03,PH,ms_1,"26,45",0,0
2021-01-03,PK,ms_1,"8,09",1,0
2021-01-03,PL,ms_1,"35,529945",3,"29,87849595"
2021-01-03,PL,ms_2,"0,01409",1,0
2021-01-03,PM,ms_1,"0,02",0,0
2021-01-03,PR,ms_1,"28,14993",2,"27,993"
2021-01-03,PR,ms_2,"3,267518",0,0
2021-01-03,PS,ms_1,"0,229999",0,0
2021-01-03,PT,ms_1,"20,65998",0,0
2021-01-03,PT,ms_2,"0,001982",0,0
2021-01-03,PW,ms_1,"0,07",0,0
2021-01-03,PY,ms_1,"3,289999",1,"52,465"
2021-01-03,QA,ms_1,"15,749934",2,0
2021-01-03,QA,ms_2,"1,249298",0,0
2021-01-03,RE,ms_1,"9,28",1,"27,993"
2021-01-03,RO,ms_1,"25,009952",1,0
2021-01-03,RO,ms_2,"0,001307",0,0
2021-01-03,RS,ms_1,"2,529992",0,0
2021-01-03,RU,ms_1,"166,649952",21,"151,1443951"
2021-01-03,RW,ms_1,"0,239999",0,0
2021-01-03,SA,ms_1,"30,42988",1,0
2021-01-03,SA,ms_2,"21,711972",5,"62,16401307"
2021-01-03,SB,ms_1,"0,02",0,0
2021-01-03,SC,ms_1,"0,16",0,0
2021-01-03,SE,ms_1,"58,379875",3,"12,6386161"
2021-01-03,SG,ms_1,"31,759892",4,"401,9047353"
2021-01-03,SI,ms_1,"1,7",0,0
2021-01-03,SK,ms_1,"8,939981",2,"55,986"
2021-01-03,SL,ms_1,"0,27",0,0
2021-01-03,SN,ms_1,"0,14",0,0
2021-01-03,SO,ms_1,"0,25",0,0
2021-01-03,SR,ms_1,"0,12",0,0
2021-01-03,SS,ms_1,"0,05",0,0
2021-01-03,SV,ms_1,"2,199998",0,0
2021-01-03,SX,ms_1,"0,12",0,0
2021-01-03,SZ,ms_1,"0,159999",0,0
2021-01-03,TC,ms_1,"0,14",0,0
2021-01-03,TD,ms_1,"0,01",0,0
2021-01-03,TG,ms_1,"0,13",0,0
2021-01-03,TH,ms_1,"32,38",3,"-14,15782493"
2021-01-03,TJ,ms_1,"0,05",0,0
2021-01-03,TL,ms_1,"0,02",0,0
2021-01-03,TM,ms_1,"0,01",0,0
2021-01-03,TN,ms_1,"0,21",0,0
2021-01-03,TO,ms_1,"0,02",0,0
2021-01-03,TR,ms_1,"20,739915",0,0
2021-01-03,TR,ms_2,"0,028664",0,0
2021-01-03,TT,ms_1,"2,619995",0,0
2021-01-03,TW,ms_1,"4,369985",0,0
2021-01-03,TZ,ms_1,"1,369996",0,0
2021-01-03,UA,ms_1,"146,659976",26,"214,5029"
2021-01-03,UG,ms_1,"1,059998",0,0
2021-01-03,US,ms_1,"1323,09",67,"1343,5695"
2021-01-03,US,ms_2,"443,937276",59,"318,828"
2021-01-03,US,ms_3,"376,84",41,"401,7705"
2021-01-03,UY,ms_1,"4,859997",2,"27,1932"
2021-01-03,UY,ms_2,"0,053084",0,0
2021-01-03,UZ,ms_1,"0,329999",0,0
2021-01-03,VC,ms_1,"0,06",0,0
2021-01-03,VE,ms_1,"2,009998",0,0
2021-01-03,VG,ms_1,"0,24",0,0
2021-01-03,VI,ms_1,"0,22",0,0
2021-01-03,VN,ms_1,"4,83",2,"28,08085439"
2021-01-03,VU,ms_1,"0,02",0,0
2021-01-03,WS,ms_1,"0,01",0,0
2021-01-03,XK,ms_1,"1,209996",0,0
2021-01-03,YE,ms_1,"0,01",0,0
2021-01-03,YT,ms_1,"0,27",0,0
2021-01-03,ZA,ms_1,"43,13",3,"35,01986337"
2021-01-03,ZM,ms_1,"0,809999",0,0
2021-01-03,ZW,ms_1,"1,299997",0,0